step,ΔE,ΔS,left,right,E
0,-383.3610238262198,-2.104380490027088,197,203,-587.6014527126712
1,-0.4385438902478427,-2.1143578067860638,196,204,-588.039996602919
2,47.09489433000522,-2.124336861587727,196,204,-588.039996602919
3,-0.055200924494442916,-2.124336861587727,195,205,-588.0951975274135
4,3.5031662554152945,2.124336861587727,196,204,-584.5920312719982
5,348.1989153337803,-2.124336861587727,196,204,-584.5920312719982
6,6.072854619869304,2.1143578067860638,197,203,-578.5191766521289
7,10.735241951479225,2.104380490027088,198,202,-567.7839347006496
8,11.51846142629654,2.094404414356548,199,201,-556.2654732743531
9,8.979320337809668,2.0844290831908747,200,200,-547.2861529365434
10,26.606870206360554,-2.084429083190875,199,201,-520.6792827301829
11,5.1600369114021305,2.0844290831908747,200,200,-515.5192458187807
12,0.9248641771364419,2.0744540001687968,201,199,-514.5943816416443
13,-3.566996354823459,-2.0744540001687968,200,200,-518.1613779964678
14,-1.1932632060793367,-2.084429083190875,199,201,-519.3546412025471
15,3.915810489785372,2.0844290831908747,200,200,-515.4388307127617
16,5.82098448452723,2.0744540001687968,201,199,-509.6178462282345
17,8.84903808001934,2.0644786690031234,202,198,-500.76880814821516
18,7958.120990747575,2.054502593332584,202,198,-500.76880814821516
19,-1.4398500388704178,-2.064478669003124,201,199,-502.2086581870856
20,53017.622137040235,-2.0744540001687968,201,199,-502.2086581870856
21,3.9963989870323076,2.0644786690031234,202,198,-498.21225920005327
22,4.295595398391924,2.054502593332584,203,197,-493.91666380166134
23,-1.7144094017521638,-2.054502593332584,202,198,-495.6310732034135
24,7.369925473486489,2.054502593332584,203,197,-488.261147729927
25,-2.549137473021119,-2.054502593332584,202,198,-490.81028520294814
26,5.923310815050172,2.054502593332584,203,197,-484.88697438789796
27,-0.16337106722556882,-2.054502593332584,202,198,-485.05034545512353
28,2.1158719885954724,2.054502593332584,203,197,-482.93447346652806
29,-1.5927410516835039,-2.054502593332584,202,198,-484.52721451821157
30,8.392654167585363,2.054502593332584,203,197,-476.1345603506262
31,-1.9506344739470478,-2.054502593332584,202,198,-478.08519482457325
32,-0.1952740852439092,-2.064478669003124,201,199,-478.28046890981716
33,-0.0857130003093971,-2.0744540001687968,200,200,-478.36618191012656
34,0.06194963508863793,-2.084429083190875,199,201,-478.3042322750379
35,7.567311718294434,2.0844290831908747,200,200,-470.7369205567435
36,2.9083930387504324,2.0744540001687968,201,199,-467.82852751799305
37,5.38273428429693,2.0644786690031234,202,198,-462.4457932336961
38,1.0266544466028336,2.054502593332584,203,197,-461.4191387870933
39,2.4974640417719343,2.044525276573608,204,196,-458.92167474532135
40,3.824866788751649,2.034546221771945,205,195,-455.0968079565697
41,-1.4742605367924853,-2.034546221771945,204,196,-456.5710684933622
42,-0.7900621754560007,-2.044525276573608,203,197,-457.3611306688182
43,0.7086712908327399,2.044525276573608,204,196,-456.65245937798545
44,8.6039273285906,2.034546221771945,205,195,-448.04853204939485
45,8.34327000792939,2.0245649314540017,206,194,-439.70526204146546
46,-1.4374436341170167,-2.0245649314540017,205,195,-441.1427056755825
47,3.6701272106084275,2.0245649314540017,206,194,-437.47257846497405
48,120.29168943591037,-2.0245649314540017,206,194,-437.47257846497405
49,3.309114165442452,2.014580907477795,207,193,-434.1634642995316
50,2.513485668672388,2.0045936508834035,208,192,-431.6499786308592
51,14719879.206611292,1.9946026617428065,208,192,-431.6499786308592
52,0.45113740475994746,1.9946026617428065,209,191,-431.19884122609926
53,5.122967811508261,1.9846074390089972,210,190,-426.075873414591
54,2581206.570334972,-1.9846074390089972,210,190,-426.075873414591
55,1.0540540793008404,-1.9846074390089972,209,191,-425.02181933529016
56,87.21361657103984,-1.9946026617428063,209,191,-425.02181933529016
57,98.4920012613635,-1.9946026617428063,209,191,-425.02181933529016
58,174.92064647912943,-1.9946026617428063,209,191,-425.02181933529016
59,4.128995279834726,1.9846074390089972,210,190,-420.89282405545543
60,1.6735870333105254,1.9746074803642555,211,189,-419.2192370221449
61,7.676064141057111,1.9646022820674658,212,188,-411.5431728810878
62,7.26636351208731,1.95459133880036,213,187,-404.2768093690005
63,0.19895010598906993,-1.95459133880036,212,188,-404.0778592630114
64,-0.9287765198891975,-1.964602282067466,211,189,-405.0066357829006
65,7.171353251396113,1.9646022820674658,212,188,-397.8352825315045
66,93.31297409500439,-1.964602282067466,212,188,-397.8352825315045
67,60497.06880962002,-1.964602282067466,212,188,-397.8352825315045
68,3.070907091593881,1.95459133880036,213,187,-394.7643754399106
69,4.380892156672644,1.9445741435125712,214,186,-390.383483283238
70,633.3455484206874,-1.9445741435125712,214,186,-390.383483283238
71,593.9743351779626,-1.9445741435125712,214,186,-390.383483283238
72,-0.3202316402796441,-1.9445741435125712,213,187,-390.7037149235176
73,2.334197289183521,1.9445741435125712,214,186,-388.3695176343341
74,12131.125365349617,-1.9445741435125712,214,186,-388.3695176343341
75,6.113192109919851,1.9345501872653743,215,185,-382.25632552441425
76,3.6665963292481365,1.9245189590739957,216,184,-378.5897291951661
77,-0.9460048232386953,-1.9245189590739957,215,185,-379.5357340184048
78,47.60417115768928,1.9245189590739957,215,185,-379.5357340184048
79,-0.30460342819310426,-1.9345501872653743,214,186,-379.8403374465979
80,5.420560590318075,1.9345501872653743,215,185,-374.41977685627984
81,-3.4236405417965443,-1.9345501872653743,214,186,-377.8434173980764
82,0.5721075137028606,1.9345501872653743,215,185,-377.2713098843735
83,5.467365301577843,1.9245189590739957,216,184,-371.8039445827957
84,5.636954268723116,1.9144799457483619,217,183,-366.16699031407256
85,7.620542423757513,-1.9144799457483619,216,184,-358.54644789031505
86,58048.85061525952,-1.9245189590739957,216,184,-358.54644789031505
87,0.8420852115808088,1.9144799457483619,217,183,-357.70436267873424
88,40213.36123676952,-1.9144799457483619,217,183,-357.70436267873424
89,-0.7454077198838718,-1.9144799457483619,216,184,-358.4497703986181
90,3.8328835317045673,1.9144799457483619,217,183,-354.61688686691355
91,4.72054613448222,1.9044326317321678,218,182,-349.8963407324313
92,2.6828466076802897,1.8943764989401304,219,181,-347.21349412475104
93,45585.23894001389,-1.8943764989401306,219,181,-347.21349412475104
94,45123.914557252436,-1.8943764989401306,219,181,-347.21349412475104
95,1.9037091219480544,-1.8943764989401306,218,182,-345.309785002803
96,-0.2629548009289806,-1.9044326317321678,217,183,-345.57273980373196
97,-1.8764291167912006,-1.9144799457483619,216,184,-347.44916892052316
98,1.0146390737668298,-1.9245189590739957,215,185,-346.43452984675633
99,5.008809906891031,1.9245189590739957,216,184,-341.4257199398653
100,0.8277930765406154,1.9144799457483619,217,183,-340.5979268633247
101,-0.9238963013676766,1.9044326317321678,218,182,-341.52182316469236
102,0.687562848788275,-1.9044326317321678,217,183,-340.8342603159041
103,4.365073074251029,1.9044326317321678,218,182,-336.46918724165306
104,1.3852215269303656,-1.9044326317321678,217,183,-335.0839657147227
105,211.05001862425593,-1.9144799457483619,217,183,-335.0839657147227
106,3.2372776053931602,1.9044326317321678,218,182,-331.84668810932953
107,8949.85492675672,-1.9044326317321678,218,182,-331.84668810932953
108,-0.6144544086755559,-1.9044326317321678,217,183,-332.4611425180051
109,-0.0787202180517852,1.9044326317321678,218,182,-332.5398627360569
110,4.12680669630447,1.8943764989401304,219,181,-328.4130560397524
111,3.1669381173687725,1.8843110265933,220,180,-325.24611792238363
112,0.9699200445523957,1.8742356910522935,221,179,-324.27619787783124
113,232928.84818934844,-1.8742356910522935,221,179,-324.27619787783124
114,5.481694517336905,1.8641499656483114,222,178,-318.79450336049433
115,18.74933352229675,-1.8641499656483116,221,179,-300.0451698381976
116,-0.43030451812353476,-1.8742356910522935,220,180,-300.4754743563211
117,0.48389274854616815,1.8742356910522935,221,179,-299.99158160777495
118,2.2319282285274085,1.8641499656483114,222,178,-297.75965337924754
119,119.94976448665855,-1.8641499656483116,221,179,-177.809888892589
120,277.04862254187356,-1.8742356910522935,221,179,-177.809888892589
121,4.062648316855615,1.8641499656483114,222,178,-173.74724057573337
122,7416.752084262725,-1.8641499656483116,222,178,-173.74724057573337
123,5.922183177182774,-1.8641499656483116,221,179,-167.8250573985506
124,1.9594796337395906,1.8641499656483114,222,178,-165.865577764811
125,3.8901131735420336,1.8540533205118024,223,177,-161.97546459126897
126,2291935.781047953,1.8439452223986252,223,177,-161.97546459126897
127,343603.35954516707,-1.8540533205118022,223,177,-161.97546459126897
128,-0.8447958739535579,-1.8540533205118022,222,178,-162.82026046522253
129,540.0200546053157,1.8540533205118024,222,178,-162.82026046522253
130,-119.88902364140642,1.8540533205118024,223,177,-282.70928410662896
131,23.154305535079516,-1.8540533205118022,222,178,-259.55497857154944
132,2.779021117183447,1.8540533205118024,223,177,-256.775957454366
133,-1.653642842544059,-1.8540533205118022,222,178,-258.42960029691005
134,4.9925890229851575,1.8540533205118024,223,177,-253.4370112739249
135,-0.9476558767740357,-1.8540533205118022,222,178,-254.38466715069893
136,190.60476362051037,-1.8641499656483116,222,178,-254.38466715069893
137,1598.8219354961018,1.8540533205118024,222,178,-254.38466715069893
138,3.2311481297689966,1.8540533205118024,223,177,-251.15351902092993
139,21964.381073926364,-1.8540533205118022,223,177,-251.15351902092993
140,12.711114955218932,-1.8540533205118022,222,178,-238.442404065711
141,0.20420834000859145,1.8540533205118024,223,177,-238.2381957257024
142,23.682356350662417,-1.8540533205118022,222,178,-214.55583937504
143,3.8401630648067737,1.8540533205118024,223,177,-210.71567631023322
144,-0.38975145845421366,1.8439452223986252,224,176,-211.10542776868743
145,1.2940337041091539,1.8338251345135677,225,175,-209.81139406457828
146,-0.46901348313207336,-1.8338251345135677,224,176,-210.28040754771035
147,0.19464839105830833,1.8338251345135677,225,175,-210.08575915665205
148,2.465520183280063,-1.8338251345135677,224,176,-207.62023897337198
149,4.290455675599134,1.8338251345135677,225,175,-203.32978329777285
150,41.50430194453219,-1.8338251345135677,224,176,-161.82548135324066
151,-2.1069938397995998,-1.8439452223986252,223,177,-163.93247519304026
152,4.321661649495866,1.8439452223986252,223,177,-163.93247519304026
153,4.982782093680328,-1.8540533205118022,222,178,-158.94969309935993
154,189.05789843763043,-1.8641499656483116,222,178,-158.94969309935993
155,-0.38895230892364907,-1.8641499656483116,221,179,-159.33864540828358
156,-0.678234760609655,-1.8742356910522935,220,180,-160.01688016889324
157,1304.0661056489812,-1.8843110265933,220,180,-160.01688016889324
158,5.6923101252765775,1.8742356910522935,221,179,-154.32457004361666
159,0.3591675615218435,1.8641499656483114,222,178,-153.96540248209482
160,144.34557988187072,1.8540533205118024,223,177,-9.619822600224111
161,1.0789321652710697,1.8439452223986252,224,176,-8.540890434953042
162,5.886207134252743,1.8338251345135677,225,175,-2.654683300700299
163,6.279345025384387,1.823692516331064,226,174,3.6246617246840884
164,4.922524469238738,1.8135468234129621,227,173,8.547186193922826
165,0.7999926845724872,1.8033875072231742,228,172,9.347178878495313
166,29121630.093752597,-1.8033875072231742,228,172,9.347178878495313
167,-3.036981157056971,-1.8033875072231742,227,173,6.3101977214383425
168,11363.419540943098,1.8033875072231742,227,173,6.3101977214383425
169,0.8345536794646193,1.8033875072231742,228,172,7.144751400902962
170,7458.883042291244,-1.8033875072231742,228,172,7.144751400902962
171,-17.62753604974054,1.7932140149390492,229,171,-10.48278464883758
172,4.738072678474339,1.7830257892593004,230,170,-5.744711970363241
173,148.97556946230668,-1.7830257892593004,230,170,-5.744711970363241
174,4018.0400554651483,-1.7830257892593004,230,170,-5.744711970363241
175,-0.6333621214834437,-1.7830257892593004,229,171,-6.378074091846685
176,1.764217212344846,1.7830257892593004,230,170,-4.613856879501839
177,4673.723936342914,-1.7830257892593004,230,170,-4.613856879501839
178,-0.5622143297636768,-1.7830257892593004,229,171,-5.1760712092655154
179,-1.1113182098886796,-1.7932140149390494,228,172,-6.287389419154195
180,4.4592052765098344,1.7932140149390492,229,171,-1.8281841426443606
181,14374669.919496864,-1.7932140149390494,229,171,-1.8281841426443606
182,4.1264766120450815,1.7830257892593004,229,171,-1.8281841426443606
183,-1.186475103841886,-1.7932140149390494,228,172,-3.0146592464862465
184,3.9027988179558974,1.7932140149390492,229,171,0.888139571469651
185,5.329542188133161,1.7830257892593004,230,170,6.2176817596028116
186,-0.6126055628326412,-1.7830257892593004,229,171,5.60507619677017
187,130197657085.58263,-1.7932140149390494,229,171,5.60507619677017
188,16883.190671379856,1.7830257892593004,229,171,5.60507619677017
189,0.34339960687940163,1.7830257892593004,230,170,5.948475803649572
190,-0.12108374150403733,1.7728222682083041,231,169,5.827392062145535
191,0.5596741761468564,1.7626028849365993,232,168,6.387066238292391
192,306.35653112427326,-1.7626028849365996,232,168,6.387066238292391
193,31.064141298570235,-1.7626028849365996,231,169,37.451207536862626
194,0.6481312577786582,1.7626028849365993,232,168,38.099338794641284
195,3.297562504605864,1.7523670675173944,233,167,41.39690129924715
196,0.9964540725718081,-1.7523670675173944,232,168,42.393355371818956
197,77681.21273752318,-1.7626028849365996,232,168,42.393355371818956
198,6.985465658924255,1.7523670675173944,233,167,49.37882103074321
199,-4.80337812688893,-1.7523670675173944,232,168,44.57544290385428
200,118.96114298129694,-1.7626028849365996,232,168,44.57544290385428
201,2.1331719435480068,-1.7626028849365996,231,169,46.70861484740229
202,-3.6958581359673985,-1.7728222682083041,230,170,43.01275671143489
203,-0.7546663817439025,-1.7830257892593004,229,171,42.25809032969099
204,116850.26661114585,-1.7932140149390494,229,171,42.25809032969099
205,13.036446680577086,-1.7932140149390494,228,172,55.29453701026807
206,-0.8603274595245978,-1.8033875072231742,227,173,54.434209550743475
207,-1.7123717270914085,-1.8135468234129624,226,174,52.721837823652066
208,3.1721212648002677,1.8135468234129621,227,173,55.893959088452334
209,0.9509030037464754,1.8033875072231742,228,172,56.84486209219881
210,1.4482103867396319,1.7932140149390492,229,171,58.29307247893844
211,0.5930756380503226,1.7830257892593004,230,170,58.886148116988764
212,4.917952683997541,1.7728222682083041,231,169,63.804100800986305
213,3.7852698573060053,1.7626028849365993,232,168,67.58937065829231
214,-2.6788224958510085,-1.7626028849365996,231,169,64.9105481624413
215,-1.08989402662084,-1.7728222682083041,230,170,63.82065413582046
216,181.5115400275867,1.7728222682083041,230,170,63.82065413582046
217,-0.5933275434736913,-1.7830257892593004,229,171,63.22732659234677
218,3.3946404089205373,1.7830257892593004,230,170,66.62196700126731
219,-2.321784355535101,-1.7830257892593004,229,171,64.3001826457322
220,-1.0486992236220942,-1.7932140149390494,228,172,63.25148342211011
221,5.9331311716887996,1.7932140149390492,229,171,69.18461459379891
222,-3.8554126907481105,-1.7932140149390494,228,172,65.3292019030508
223,-0.5849124890536075,-1.8033875072231742,227,173,64.7442894139972
224,4.541356963339496,1.8033875072231742,228,172,69.28564637733669
225,29.265444949741294,1.7932140149390492,228,172,69.28564637733669
226,1.7137789807810009,-1.8033875072231742,227,173,70.99942535811769
227,4.9814327081923295,1.8033875072231742,228,172,75.98085806631002
228,-0.5384678629374946,-1.8033875072231742,227,173,75.44239020337253
229,1.9292314536084518,1.8033875072231742,228,172,77.37162165698098
230,-1.2517234876366388,-1.8033875072231742,227,173,76.11989816934434
231,2.202291858488607,1.8033875072231742,228,172,78.32219002783295
232,-3.3836080021212354,-1.8033875072231742,227,173,74.93858202571171
233,-30.0574717322436,1.8033875072231742,228,172,44.88111029346811
234,0.843576080498849,1.7932140149390492,229,171,45.72468637396696
235,2.6470393511844463,1.7830257892593004,230,170,48.37172572515141
236,44217.55696348795,-1.7830257892593004,230,170,48.37172572515141
237,0.9538328888013439,1.7728222682083041,231,169,49.32555861395275
238,10826.137568006858,-1.7728222682083041,231,169,49.32555861395275
239,-0.12320583208756375,-1.7728222682083041,230,170,49.20235278186519
240,173540.80927484608,-1.7830257892593004,230,170,49.20235278186519
241,-2.7413804908055397,-1.7830257892593004,229,171,46.46097229105965
242,0.8105164214315863,1.7830257892593004,230,170,47.271488712491234
243,2.0775825177586142,1.7728222682083041,231,169,49.34907123024985
244,-1.6799712244820455,-1.7728222682083041,230,170,47.6691000057678
245,111.80660171081902,1.7728222682083041,230,170,47.6691000057678
246,0.5516495900644856,1.7728222682083041,231,169,48.22074959583229
247,-4.417967533958915,1.7626028849365993,232,168,43.80278206187337
248,4.4867366682344425,1.7523670675173944,233,167,48.289518730107815
249,0.4068214547530573,-1.7523670675173944,232,168,48.69634018486087
250,133.8045763193926,-1.7626028849365996,231,169,182.50091650425347
251,65050.12595441712,-1.7728222682083041,231,169,182.50091650425347
252,-1.7709846631329356,-1.7728222682083041,230,170,180.72993184112053
253,546939.5724612359,1.7728222682083041,230,170,180.72993184112053
254,0.5087839383564017,1.7728222682083041,231,169,181.23871577947693
255,3.673652394207096,1.7626028849365993,232,168,184.91236817368403
256,-0.7795229397041226,-1.7626028849365996,231,169,184.1328452339799
257,173700.68503057538,1.7626028849365993,231,169,184.1328452339799
258,2.689961590376015,1.7626028849365993,232,168,186.82280682435592
259,-1.292493932693361,-1.7626028849365996,231,169,185.53031289166256
260,-2.2108980779449894,-1.7728222682083041,230,170,183.31941481371757
261,5519.9039688380935,-1.7830257892593004,230,170,183.31941481371757
262,1035.6926093542697,-1.7830257892593004,230,170,183.31941481371757
263,0.751753240381845,1.7728222682083041,231,169,184.07116805409942
264,2.1943699394462612,1.7626028849365993,232,168,186.26553799354568
265,-1.2521102579508465,1.7523670675173944,233,167,185.01342773559483
266,-0.37477030904776143,-1.7523670675173944,232,168,184.63865742654707
267,2.4321605837421885,1.7523670675173944,233,167,187.07081801028926
268,3237.5325433112284,-1.7523670675173944,233,167,187.07081801028926
269,23.438831896323506,-1.7523670675173944,232,168,210.50964990661276
270,1174.3965869951726,-1.7626028849365996,232,168,210.50964990661276
271,2565.765002493638,-1.7626028849365996,232,168,210.50964990661276
272,0.89663193482275,1.7523670675173944,233,167,211.40628184143551
273,-12.061096691857927,1.7421142387388897,234,166,199.3451851495776
274,1737124.3771126238,-1.7421142387388897,234,166,199.3451851495776
275,-2.62872759919523,-1.7421142387388897,233,167,196.71645755038236
276,-1.044349955404897,-1.7523670675173944,232,168,195.67210759497746
277,0.28995616067339824,1.7523670675173944,233,167,195.96206375565086
278,6.007870985056371,1.7421142387388897,234,166,201.96993474070723
279,-2.0611068332511877,-1.7421142387388897,233,167,199.90882790745604
280,6533.056627888083,-1.7523670675173944,233,167,199.90882790745604
281,1.3068379774346397,1.7421142387388897,234,166,201.21566588489068
282,5.08126368158085,-1.7421142387388897,233,167,206.29692956647153
283,3.908759391440185,1.7421142387388897,234,166,210.20568895791172
284,3.378338446172563,1.7318438158922203,235,165,213.58402740408428
285,120.78106396821204,-1.7318438158922203,235,165,213.58402740408428
286,-135.0726586403365,1.7215552105548064,236,164,78.51136876374777
287,309863.2240834151,1.7112478283689032,236,164,78.51136876374777
288,1557.5399593131629,-1.7215552105548064,236,164,78.51136876374777
289,4.65148093000461,1.7112478283689032,237,163,83.16284969375238
290,3191.175003750235,-1.7112478283689032,237,163,83.16284969375238
291,0.17867309889251715,-1.7112478283689032,236,164,83.3415227926449
292,6.569223425118054,-1.7215552105548064,235,165,89.91074621776295
293,-0.5585412011398603,-1.7318438158922203,234,166,89.35220501662309
294,6.911807247563672,1.7318438158922203,235,165,96.26401226418676
295,1.1848877060326686,1.7215552105548064,236,164,97.44889997021943
296,5.715899963790207,1.7112478283689032,237,163,103.16479993400964
297,30.613230247252943,-1.7112478283689032,236,164,133.77803018126258
298,324.1581669617328,-1.7215552105548064,236,164,133.77803018126258
299,7.536306114858689,1.7112478283689032,237,163,141.31433629612127
0,-392.2682912602929,-1.7112478283689032,236,164,-250.9539549641717
1,3.755268608246155,1.7112478283689032,237,163,-247.19868635592553
2,2.532923801008508,1.7009210688151235,238,162,-244.66576255491702
3,259.5206497025598,-1.7009210688151235,238,162,-244.66576255491702
4,1.6986876391945316,1.6905743249807093,239,161,-242.9670749157225
5,222.92355061856398,-1.6905743249807095,239,161,-242.9670749157225
6,-1.245000763701995,-1.6905743249807095,238,162,-244.2120756794245
7,1.3730896947594715,-1.7009210688151235,238,162,-244.2120756794245
8,4.102704578960356,1.6905743249807093,239,161,-240.10937110046413
9,19320.250465604895,1.6802069833223074,239,161,-240.10937110046413
10,9.339927026681124,-1.6905743249807095,238,162,-230.769444073783
11,2.55923060243731,1.6905743249807093,239,161,-228.2102134713457
12,3.203466751776233,1.6802069833223074,240,160,-225.00674671956946
13,-1.0922222242037378,-1.6802069833223077,239,161,-226.0989689437732
14,6.136562560032132,-1.6905743249807095,238,162,-219.96240638374107
15,-0.2117745264800419,-1.7009210688151235,237,163,-220.1741809102211
16,3.242096852787455,1.7009210688151235,238,162,-216.93208405743366
17,0.09302023315783003,1.6905743249807093,239,161,-216.83906382427583
18,-0.7734510942570694,-1.6905743249807095,238,162,-217.6125149185329
19,1.3733701187443046,1.6905743249807093,239,161,-216.2391447997886
20,-2.592867999596649,-1.6905743249807095,238,162,-218.83201279938524
21,-0.07929418399550059,-1.7009210688151235,237,163,-218.91130698338074
22,391.66954308132426,-1.7112478283689032,237,163,-218.91130698338074
23,18182.706480362816,-1.7112478283689032,237,163,-218.91130698338074
24,-0.43785638605504573,-1.7112478283689032,236,164,-219.3491633694358
25,0.46338217324176867,-1.7215552105548064,235,165,-218.88578119619402
26,-0.5123210835534451,-1.7318438158922203,234,166,-219.39810227974746
27,0.708689888763331,1.7318438158922203,235,165,-218.68941239098413
28,0.7325385422142574,1.7215552105548064,236,164,-217.95687384876987
29,6.565773275620387,1.7112478283689032,237,163,-211.3911005731495
30,8.48245557175099,-1.7112478283689032,236,164,-202.9086450013985
31,0.7523510479357469,1.7112478283689032,237,163,-202.15629395346275
32,24.69555407447018,-1.7112478283689032,236,164,-177.46073987899257
33,492.8805079903444,-1.7215552105548064,236,164,-177.46073987899257
34,2.4853808862317237,1.7112478283689032,237,163,-174.97535899276085
35,1.6807912679094557,1.7009210688151235,238,162,-173.2945677248514
36,199.21735425037502,-1.7009210688151235,237,163,25.922786525523634
37,1.454130927945016,1.7009210688151235,238,162,27.37691745346865
38,1562.6313422105134,-1.7009210688151235,238,162,27.37691745346865
39,17.5265233761466,-1.7009210688151235,237,163,44.90344082961525
40,-0.7736215550584689,-1.7112478283689032,236,164,44.12981927455678
41,-2.3379572022975594,-1.7215552105548064,235,165,41.79186207225922
42,-1.8703209347416418,-1.7318438158922203,234,166,39.92154113751758
43,0.22792984393970528,1.7318438158922203,235,165,40.149470981457284
44,-0.21107783870189678,-1.7318438158922203,234,166,39.93839314275539
45,1.3544178505314903,1.7318438158922203,235,165,41.29281099328688
46,11059.755662019037,-1.7318438158922203,235,165,41.29281099328688
47,-1.1365622989778785,-1.7318438158922203,234,166,40.156248694309
48,3.988753854399363,1.7318438158922203,235,165,44.14500254870836
49,0.9125468040608666,1.7215552105548064,236,164,45.05754935276923
50,4.927307078190154,-1.7215552105548064,235,165,49.98485643095938
51,-0.11213239738356151,-1.7318438158922203,234,166,49.87272403357582
52,0.5787689692513709,1.7318438158922203,235,165,50.45149300282719
53,1.1848735416107843,1.7215552105548064,236,164,51.636366544437976
54,0.28509798509605844,-1.7215552105548064,235,165,51.921464529534035
55,36458.73755475753,1.7215552105548064,235,165,51.921464529534035
56,3.4908102043537497,1.7215552105548064,236,164,55.412274733887784
57,3.0194118854042813,1.7112478283689032,237,163,58.431686619292066
58,-0.17256524203048684,-1.7112478283689032,236,164,58.25912137726158
59,-0.20308587046918092,-1.7215552105548064,235,165,58.0560355067924
60,5.17769657556147,1.7215552105548064,236,164,63.23373208235387
61,-1.5467243422239108,-1.7215552105548064,235,165,61.68700774012996
62,-0.5909675027616004,-1.7318438158922203,234,166,61.096040237368356
63,1.4444241712888015,1.7318438158922203,235,165,62.54046440865716
64,0.6815617754141954,1.7215552105548064,236,164,63.22202618407135
65,106.61362761773489,-1.7215552105548064,235,165,169.83565380180625
66,4.858881230736529,1.7215552105548064,236,164,174.69453503254277
67,-0.7707443701557963,-1.7215552105548064,235,165,173.92379066238698
68,2.8880938141617207,1.7215552105548064,236,164,176.8118844765487
69,-6.353161162374704,1.7112478283689032,237,163,170.458723314174
70,-0.9026656332603125,-1.7112478283689032,236,164,169.55605768091368
71,-2.5234296433457075,-1.7215552105548064,235,165,167.03262803756797
72,1.5139550243101212,1.7215552105548064,236,164,168.5465830618781
73,3.6258884669117606,1.7112478283689032,237,163,172.17247152878986
74,104.30016904382853,-1.7112478283689032,237,163,172.17247152878986
75,111284.96548068695,-1.7112478283689032,237,163,172.17247152878986
76,15813.883235488636,1.7009210688151235,237,163,172.17247152878986
77,2.7892882712045832,1.7009210688151235,238,162,174.96175979999444
78,108.63588093522483,-1.7009210688151235,237,163,283.5976407352193
79,3.312386457412231,1.7009210688151235,238,162,286.9100271926315
80,861.8915959665835,-1.7009210688151235,238,162,286.9100271926315
81,1.989291592645941,1.6905743249807093,239,161,288.89931878527744
82,1496.0439446593764,-1.6905743249807095,239,161,288.89931878527744
83,0.13561144999761154,-1.6905743249807095,238,162,289.03493023527506
84,1.0973820518721595,1.6905743249807093,239,161,290.1323122871472
85,1539152.0064252517,-1.6905743249807095,239,161,290.1323122871472
86,20477445.650392845,-1.6905743249807095,239,161,290.1323122871472
87,-8.810817948621718,1.6802069833223074,240,160,281.3214943385255
88,0.12504707655921266,1.6698184234230078,241,159,281.4465414150847
89,2.81654505504315,1.6594080177433812,242,158,284.26308647012786
90,0.46967529586777346,-1.659408017743381,241,159,284.73276176599563
91,2.361152361804443,1.6594080177433812,242,158,287.0939141278001
92,-0.8297800747851056,-1.659408017743381,241,159,286.26413405301497
93,0.6925566543634432,1.6594080177433812,242,158,286.9566907073784
94,-3.212118462817216,-1.659408017743381,241,159,283.7445722445612
95,-9.242459836410148,1.6594080177433812,242,158,274.50211240815105
96,2.111419453427118,1.6489751313662544,243,157,276.61353186157817
97,3.034325063545566,1.6385191217349422,244,156,279.64785692512373
98,6.197311136010683,1.6280393383846459,245,155,285.8451680611344
99,-0.465882402499858,1.6175351226667198,246,154,285.37928565863456
100,-1.505617713005222,-1.6175351226667196,245,155,283.87366794562934
101,-0.7165898666553403,-1.628039338384646,244,156,283.157078078974
102,3389596.9628216,-1.638519121734942,244,156,283.157078078974
103,3347.856713153442,-1.638519121734942,244,156,283.157078078974
104,0.5037212054533029,-1.638519121734942,243,157,283.6607992844273
105,-1.2601943913095965,-1.6489751313662544,242,158,282.4006048931177
106,1.8667265006246794,1.6489751313662544,243,157,284.2673313937424
107,3.448665201001404,1.6385191217349422,244,156,287.7159965947438
108,375.0514875011226,-1.638519121734942,244,156,287.7159965947438
109,-2.8265184137501365,-1.638519121734942,243,157,284.88947818099365
110,1.8506730647659424,1.6385191217349422,244,156,286.7401512457596
111,0.6923199086176055,-1.638519121734942,243,157,287.4324711543772
112,19.668556979853577,-1.6489751313662544,242,158,307.1010281342308
113,1.8674286883977516,1.6489751313662544,243,157,308.9684568226285
114,1.013615355713796,1.6385191217349422,244,156,309.9820721783423
115,12.622885114809947,-1.638519121734942,243,157,322.60495729315227
116,3.066624312349461,1.6385191217349422,244,156,325.67158160550173
117,4.768563230775385,-1.638519121734942,243,157,330.4401448362771
118,0.5586373111403873,-1.6489751313662544,242,158,330.9987821474175
119,-5.876912446788708,1.6489751313662544,243,157,325.1218697006288
120,-22.05649966284915,1.6385191217349422,244,156,303.06537003777964
121,0.699284708918583,1.6280393383846459,245,155,303.7646547466982
122,0.7537248006465234,1.6175351226667198,246,154,304.51837954734475
123,32.34842288181272,-1.6175351226667196,245,155,336.8668024291575
124,-0.4184307931669764,-1.628039338384646,244,156,336.4483716359905
125,-1.9634372638194009,1.6280393383846459,245,155,334.4849343721711
126,0.5950148847870196,1.6175351226667198,246,154,335.0799492569581
127,1689.3183473887595,-1.6175351226667196,246,154,335.0799492569581
128,-1.1967609684797367,-1.6175351226667196,245,155,333.8831882884784
129,50.4774288716315,-1.628039338384646,245,155,333.8831882884784
130,1766.2925680141539,-1.628039338384646,245,155,333.8831882884784
131,-1.5640937894978606,-1.628039338384646,244,156,332.3190944989805
132,2.0289482081292363,1.6280393383846459,245,155,334.34804270710976
133,-2.011139807733855,-1.628039338384646,244,156,332.3369028993759
134,16.076605966110264,-1.638519121734942,243,157,348.41350886548616
135,2642.316836140519,-1.6489751313662544,243,157,348.41350886548616
136,-0.49097493048770957,-1.6489751313662544,242,158,347.92253393499846
137,2.104683741136455,1.6489751313662544,243,157,350.0272176761349
138,1008.8750682734043,-1.6489751313662544,243,157,350.0272176761349
139,-1.7388750981996282,1.6385191217349422,244,156,348.2883425779353
140,-0.21462915021805884,-1.638519121734942,243,157,348.0737134277172
141,211.4886542866971,-1.6489751313662544,243,157,348.0737134277172
142,59.02670375133067,-1.6489751313662544,242,158,407.1004171790479
143,0.7746699573852993,1.6489751313662544,243,157,407.8750871364332
144,5.7014209213830895,1.6385191217349422,244,156,413.5765080578163
145,-1.3293378705875512,-1.638519121734942,243,157,412.24717018722873
146,1.1081201875218198,1.6385191217349422,244,156,413.35529037475055
147,-1.707328381098307,-1.638519121734942,243,157,411.64796199365225
148,198.53823087429618,-1.6489751313662544,243,157,411.64796199365225
149,-0.9525834107095079,-1.6489751313662544,242,158,410.69537858294274
150,-0.6332798921723111,-1.659408017743381,241,159,410.0620986907704
151,1.4822115834447231,1.6594080177433812,242,158,411.54431027421515
152,1.8627595522550564,1.6489751313662544,243,157,413.4070698264702
153,3660.8732200706045,-1.6489751313662544,243,157,413.4070698264702
154,-1.0532584539935215,-1.6489751313662544,242,158,412.3538113724767
155,0.39367312579344116,-1.659408017743381,241,159,412.7474844982701
156,33.125166948176684,-1.6698184234230078,240,160,445.8726514464468
157,3.760857346741318,1.6698184234230078,241,159,449.6335087931881
158,1.0966138815513773,1.6594080177433812,242,158,450.7301226747395
159,92.55850687359953,-1.659408017743381,242,158,450.7301226747395
160,694.540338307942,1.6489751313662544,242,158,450.7301226747395
161,1.4101598924349332,1.6489751313662544,243,157,452.14028256717444
162,0.5238075901109482,-1.6489751313662544,242,158,452.6640901572854
163,-2.95194336606869,-1.659408017743381,241,159,449.7121467912167
164,0.6267275232247584,1.6594080177433812,242,158,450.33887431444145
165,3.058318936446426,1.6489751313662544,243,157,453.3971932508879
166,176.66965580367435,-1.6489751313662544,243,157,453.3971932508879
167,-15.884543861427062,1.6385191217349422,244,156,437.5126493894608
168,2.406179007285459,1.6280393383846459,245,155,439.9188283967463
169,218.45852972211964,-1.628039338384646,245,155,439.9188283967463
170,493.2631436128624,1.6175351226667198,245,155,439.9188283967463
171,-33.324010692039394,1.6175351226667198,246,154,406.5948177047069
172,1.4145201693622766,1.6070058074654878,247,153,408.00933787406916
173,865.7590991512127,-1.6070058074654878,247,153,408.00933787406916
174,6226105.164891676,-1.6070058074654878,247,153,408.00933787406916
175,-1.9670921816453983,-1.6070058074654878,246,154,406.04224569242376
176,0.31325619547436645,1.6070058074654878,247,153,406.35550188789813
177,1.4396487603920036,1.5964507169072892,248,152,407.79515064829013
178,-25.012432501464616,1.5858691660614048,249,151,382.7827181468255
179,7.133549103517737,1.5752604606325138,250,150,389.91626725034325
180,1.8767079967798281,-1.5752604606325138,249,151,391.7929752471231
181,-0.07155888879282202,1.5752604606325138,250,150,391.72141635833026
182,-109.29164083969016,1.5646238966443078,251,149,282.4297755186401
183,0.15528457520082384,-1.5646238966443078,250,150,282.5850600938409
184,1.8791263251109172,1.5646238966443078,251,149,284.46418641895184
185,0.9421149709368706,1.5539587601138718,252,148,285.4063013898887
186,0.8518638266595531,1.5432643267164308,253,147,286.25816521654826
187,-0.5214090638477842,-1.5432643267164308,252,148,285.7367561527005
188,-2.9112018494518566,-1.5539587601138718,251,149,282.8255543032486
189,-0.6330208916089646,-1.5646238966443078,250,150,282.19253341163966
190,2.4785900300815342,1.5646238966443078,251,149,284.6711234417212
191,-1.430618100268589,-1.5646238966443078,250,150,283.2405053414526
192,-1.7712411552074059,-1.5752604606325138,249,151,281.4692641862452
193,-0.5095435311489496,-1.5858691660614048,248,152,280.95972065509625
194,0.5524939996092257,1.5858691660614048,249,151,281.5122146547055
195,1.3883350347948067,1.5752604606325138,250,150,282.9005496895003
196,-17.562474867518063,1.5646238966443078,251,149,265.3380748219822
197,-11.882592510409665,1.5539587601138718,252,148,253.45548231157255
198,1.2111508577603445,1.5432643267164308,253,147,254.6666331693329
199,109.3133306181827,-1.5432643267164308,252,148,363.9799637875156
200,504.37420935409267,-1.5539587601138718,252,148,363.9799637875156
201,2.454981675925808,1.5432643267164308,253,147,366.4349454634414
202,-0.2893477098584185,-1.5432643267164308,252,148,366.145597753583
203,-0.2726917322856366,-1.5539587601138718,251,149,365.87290602129735
204,139.19115676066502,-1.5646238966443078,250,150,505.0640627819624
205,-1.2505850687438738,-1.5752604606325138,249,151,503.8134777132185
206,-0.45175374162528215,1.5752604606325138,250,150,503.3617239715932
207,2.317043525287204,1.5646238966443078,251,149,505.6787674968804
208,0.5745021089708757,1.5539587601138718,252,148,506.2532696058513
209,7195.279142822221,-1.5539587601138718,252,148,506.2532696058513
210,-0.2691961032684276,-1.5539587601138718,251,149,505.9840735025829
211,-0.7269950149942588,-1.5646238966443078,250,150,505.2570784875886
212,2.3686340545175995,1.5646238966443078,251,149,507.6257125421062
213,2.2754667342687753,1.5539587601138718,252,148,509.901179276375
214,-2.377556999760884,-1.5539587601138718,251,149,507.5236222766141
215,1581.9418534065014,1.5539587601138718,251,149,507.5236222766141
216,91.61816560821637,-1.5646238966443078,250,150,599.1417878848305
217,-0.8736626538577639,-1.5752604606325138,249,151,598.2681252309727
218,1.3755535948013176,1.5752604606325138,250,150,599.643678825774
219,-0.31790077532468786,-1.5752604606325138,249,151,599.3257780504493
220,0.8179222631781613,1.5752604606325138,250,150,600.1437003136275
221,-1.3825496162871787,1.5646238966443078,251,149,598.7611506973403
222,0.8039159811742138,1.5539587601138718,252,148,599.5650666785145
223,-0.652312348254668,-1.5539587601138718,251,149,598.9127543302599
224,2918.9611250058215,-1.5646238966443078,251,149,598.9127543302599
225,0.006715456612141679,1.5539587601138718,252,148,598.919469786872
226,235.53509523890875,-1.5539587601138718,252,148,598.919469786872
227,-2.768890828521762,-1.5539587601138718,251,149,596.1505789583503
228,-89.14218211771646,1.5539587601138718,252,148,507.0083968406338
229,-1.5618221606143265,-1.5539587601138718,251,149,505.44657468001947
230,6.979972792042645,-1.5646238966443078,250,150,512.4265474720621
231,1.4704313052056932,1.5646238966443078,251,149,513.8969787772678
232,21009.80427141052,-1.5646238966443078,251,149,513.8969787772678
233,-0.3900624252613625,1.5539587601138718,252,148,513.5069163520064
234,1548.2514531097759,-1.5539587601138718,252,148,513.5069163520064
235,2.423658869497558,1.5432643267164308,253,147,515.930575221504
236,2.7406423310562786,1.5325398614400356,254,146,518.6712175525603
237,-6.487995320580467,1.521784618229746,255,145,512.1832222319798
238,-2.3704586447599922,-1.521784618229746,254,146,509.8127635872198
239,119922.49636394448,-1.5325398614400356,254,146,509.8127635872198
240,-57.42911886648733,1.521784618229746,255,145,452.3836447207325
241,-2.6229796848334104,-1.521784618229746,254,146,449.7606650358991
242,0.934568520060509,1.521784618229746,255,145,450.6952335559596
243,2.9545711518140934,1.5109978396208479,256,144,453.6498047077737
244,0.13479100477769634,-1.5109978396208479,255,145,453.7845957125514
245,0.688061372663924,1.5109978396208479,256,144,454.4726570852153
246,-1.970051647088269,-1.5109978396208479,255,145,452.50260543812703
247,-1.0761334055157477,-1.521784618229746,254,146,451.4264720326113
248,174352.39915355117,-1.5325398614400356,254,146,451.4264720326113
249,-2.751469778500791,-1.5325398614400356,253,147,448.6750022541105
250,558.464494345523,-1.5432643267164308,253,147,448.6750022541105
251,23.76844741733089,-1.5432643267164308,253,147,448.6750022541105
252,12.299251444266815,-1.5432643267164308,252,148,460.9742536983773
253,1.679942686042466,1.5432643267164308,253,147,462.6541963844198
254,-1.351484016839379,-1.5432643267164308,252,148,461.3027123675804
255,2.988973361706826,-1.5539587601138718,251,149,464.2916857292872
256,4274.567346087061,1.5539587601138718,251,149,464.2916857292872
257,-1.143504128081588,-1.5646238966443078,250,150,463.14818160120564
258,0.17567605920788765,-1.5752604606325138,249,151,463.3238576604135
259,-2.5359745318054365,-1.5858691660614048,248,152,460.7878831286081
260,-3.023416587143572,-1.5964507169072892,247,153,457.7644665414645
261,1.8942917773168233,1.5964507169072892,248,152,459.65875831878134
262,-0.936521721733584,-1.5964507169072892,247,153,458.72223659704775
263,-104.98178408773447,1.5964507169072892,248,152,353.7404525093133
264,-12.475754020502848,1.5858691660614048,249,151,341.26469848881044
265,564.5318505872654,-1.5858691660614048,249,151,341.26469848881044
266,125419.64521774808,-1.5858691660614048,249,151,341.26469848881044
267,-0.275796582269038,-1.5858691660614048,248,152,340.9889019065414
268,-0.009586679088272376,-1.5964507169072892,247,153,340.9793152274531
269,-197.46310061275773,1.5964507169072892,248,152,143.5162146146954
270,-1.326526941383463,-1.5964507169072892,247,153,142.18968767331194
271,1.3802255648249115,1.5964507169072892,248,152,143.56991323813685
272,2.624805379895747,1.5858691660614048,249,151,146.1947186180326
273,1.2323808457346956,1.5752604606325138,250,150,147.4270994637673
274,-0.662212593050441,-1.5752604606325138,250,150,147.4270994637673
275,3.552179114693047,1.5646238966443078,251,149,150.97927857846034
276,-0.5304180402102929,-1.5646238966443078,250,150,150.44886053825005
277,-0.6105989482216785,-1.5752604606325138,249,151,149.83826159002837
278,-2.357718978944064,-1.5858691660614048,248,152,147.4805426110843
279,-0.0077732381510600135,1.5858691660614048,249,151,147.47276937293324
280,-0.7908303846963918,-1.5858691660614048,248,152,146.68193898823685
281,5.535917847415959,-1.5964507169072892,247,153,152.2178568356528
282,-1.0095398429342595,1.5964507169072892,248,152,151.20831699271855
283,11607.290485045536,-1.5964507169072892,248,152,151.20831699271855
284,-1.533240370365661,-1.5964507169072892,247,153,149.6750766223529
285,-32.93070727181484,1.5964507169072892,248,152,116.74436935053805
286,-0.1539192969097769,-1.5964507169072892,247,153,116.59045005362827
287,2.4766786966223435,1.5964507169072892,248,152,119.06712875025062
288,127719.94876615974,-1.5964507169072892,248,152,119.06712875025062
289,284523.5309708714,-1.5964507169072892,248,152,119.06712875025062
290,-0.31488034380981844,-1.5964507169072892,247,153,118.7522484064408
291,2.01554292905098,1.5964507169072892,248,152,120.76779133549178
292,76.91311286603616,-1.5964507169072892,248,152,120.76779133549178
293,1.4259226054584246,1.5858691660614048,249,151,122.1937139409502
294,6.121086972066621,-1.5858691660614048,248,152,128.31480091301682
295,6.11387250098295,1.5858691660614048,249,151,134.42867341399977
296,2.6784888405044853,1.5752604606325138,250,150,137.10716225450426
297,2.14773534447275,1.5646238966443078,251,149,139.254897598977
298,-0.20309560498768064,-1.5646238966443078,250,150,139.05180199398933
299,-2.3885117481518137,-1.5752604606325138,249,151,136.66329024583752
300,1.9987370729418785,1.5752604606325138,250,150,138.6620273187794
301,14.541256692511581,-1.5752604606325138,249,151,153.20328401129098
302,4670.934085077589,-1.5858691660614048,249,151,153.20328401129098
303,54.10564493228526,-1.5858691660614048,249,151,153.20328401129098
304,2.5541477731438818,1.5752604606325138,250,150,155.75743178443486
305,-1.2315997044196365,-1.5752604606325138,249,151,154.52583208001522
306,-2.4688079790451525,1.5752604606325138,250,150,152.05702410097007
307,1.1295732141344104,1.5646238966443078,251,149,153.18659731510448
308,0.4921731838687151,1.5539587601138718,252,148,153.6787704989732
309,-1.2131169490653804,-1.5539587601138718,251,149,152.4656535499078
310,31.369468135355504,-1.5646238966443078,251,149,152.4656535499078
311,1.3990573877306076,1.5539587601138718,252,148,153.86471093763842
312,185.21223855490584,-1.5539587601138718,252,148,153.86471093763842
313,4.259113353918394,-1.5539587601138718,251,149,158.12382429155682
314,2.080981737440908,1.5539587601138718,252,148,160.20480602899772
315,1.060305096563468,1.5432643267164308,253,147,161.2651111255612
316,0.9968421886075589,1.5325398614400356,254,146,162.26195331416875
317,-2.611981736233446,-1.5325398614400356,253,147,159.6499715779353
318,1.2721372024734876,1.5325398614400356,254,146,160.9221087804088
319,2.384088601309685,1.521784618229746,255,145,163.30619738171848
320,73719.18719448004,-1.521784618229746,255,145,163.30619738171848
321,-0.932321434737247,-1.521784618229746,254,146,162.37387594698123
322,0.9778106852576514,1.521784618229746,255,145,163.35168663223888
323,46684.40972995136,-1.521784618229746,255,145,163.35168663223888
324,0.19911883634986793,1.5109978396208479,256,144,163.55080546858875
325,1.3896171272252786,1.5001787563606168,257,143,164.94042259581403
326,-1.0301466867047395,-1.5001787563606166,256,144,163.9102759091093
327,0.4383175249733995,1.5001787563606168,257,143,164.3485934340827
328,-2.9879016616938827,1.4893265870181258,258,142,161.3606917723888
329,0.29103655317842936,-1.4893265870181258,257,143,161.65172832556723
330,1.5720502683753352,1.4893265870181258,258,142,163.22377859394257
331,1.6726822532385768,1.478440537581559,259,141,164.89646084718115
332,-1.6647974187718262,-1.4784405375815588,258,142,163.23166342840932
333,1.9046671576518293,1.478440537581559,259,141,165.13633058606115
334,12.62093173028424,-1.4784405375815588,259,141,165.13633058606115
335,1.3505934377029973,1.4675198010424764,260,140,166.48692402376415
336,-2.2128478227433845,-1.4675198010424764,259,141,164.27407620102076
337,78.96505468129976,-1.4784405375815588,259,141,164.27407620102076
338,6.016112919008918,-1.4784405375815588,258,142,170.29018912002968
339,-1.5721689196904265,-1.4893265870181258,257,143,168.71802020033925
340,1.4247546223797372,1.4893265870181258,258,142,170.142774822719
341,-2.6722943077857906,-1.4893265870181258,257,143,167.4704805149332
342,1.3321774212998605,1.4893265870181258,258,142,168.80265793623306
343,-2.098793186097339,-1.4893265870181258,257,143,166.70386475013572
344,-1.0638070497091405,-1.5001787563606166,256,144,165.64005770042658
345,-4.48737435130559,1.5001787563606168,257,143,161.152683349121
346,2.352564926505579,1.4893265870181258,258,142,163.50524827562657
347,58.036567014375464,-1.4893265870181258,258,142,163.50524827562657
348,22081.2122570676,1.478440537581559,258,142,163.50524827562657
349,0.839133727681741,1.478440537581559,259,141,164.3443820033083
350,85.43634586387535,-1.4784405375815588,259,141,164.3443820033083
351,-1.27335087968234,-1.4784405375815588,258,142,163.07103112362597
352,-1.8252696496447527,-1.4893265870181258,257,143,161.24576147398122
353,78.71570569437372,-1.5001787563606166,256,144,239.96146716835494
354,1442.0022225781431,-1.5109978396208479,256,144,239.96146716835494
355,1.1897833821639097,-1.5109978396208479,255,145,241.15125055051885
356,0.23226131202096667,1.5109978396208479,256,144,241.38351186253982
357,2.3041129934513265,1.5001787563606168,257,143,243.68762485599115
358,-2.9116041803815733,-1.5001787563606166,256,144,240.77602067560957
359,168459.68071763378,-1.5109978396208479,256,144,240.77602067560957
360,-0.663613250066021,-1.5109978396208479,255,145,240.11240742554355
361,1.796400610276521,1.5109978396208479,256,144,241.90880803582007
362,0.8108840428049575,1.5001787563606168,257,143,242.71969207862503
363,1.6599604679476556,1.4893265870181258,258,142,244.3796525465727
364,2.877436370624082,-1.4893265870181258,257,143,247.25708891719677
365,-0.9847499431652409,-1.5001787563606166,256,144,246.27233897403153
366,3.9390166787331395,1.5001787563606168,257,143,250.21135565276467
367,381.5232079613509,-1.5001787563606166,257,143,250.21135565276467
368,77057.03768599685,-1.5001787563606166,257,143,250.21135565276467
369,2.4023496842675627,1.4893265870181258,258,142,252.61370533703223
370,-0.25668656041881377,1.478440537581559,259,141,252.35701877661342
371,-1.8872395269608546,-1.4784405375815588,258,142,250.46977924965256
372,0.8524877654874672,1.478440537581559,259,141,251.32226701514003
373,1.8436151667496574,1.4675198010424764,260,140,253.16588218188969
374,123.99084330663248,1.4565635569664468,260,140,253.16588218188969
375,-14.632778385753852,1.4565635569664468,261,139,238.53310379613583
376,-1.070635321604982,-1.4565635569664468,260,140,237.46246847453085
377,1.6439342120164042,1.4565635569664468,261,139,239.10640268654726
378,0.3914613246430463,1.4455709710494309,262,138,239.4978640111903
379,-1.116049093713798,-1.4455709710494309,261,139,238.3818149174765
380,373.2332733843674,-1.4565635569664468,261,139,238.3818149174765
381,91.58253054079756,1.4455709710494309,261,139,238.3818149174765
382,-0.4158512057459234,1.4455709710494309,262,138,237.96596371173058
383,1.089683524974589,1.434541194659276,263,137,239.05564723670517
384,77.38391603539918,-1.434541194659276,263,137,239.05564723670517
385,1.4207078130519903,1.4234733643616446,264,136,240.47635504975716
386,1771.938219692279,1.4123666014296656,264,136,240.47635504975716
387,-3.4274607862582798,1.4123666014296656,265,135,237.04889426349888
388,0.7727880529292293,1.4012200113365665,266,134,237.8216823164281
389,0.798207941731107,1.3900326832304977,267,133,238.61989025815922
390,546.3547640864623,-1.3900326832304977,267,133,238.61989025815922
391,-0.33547864556754803,-1.3900326832304977,266,134,238.28441161259167
392,2.4812585974192984,1.3900326832304977,267,133,240.76567021001097
393,240.47852209705763,1.378803689390733,267,133,240.76567021001097
394,9.099901123981965,-1.3900326832304977,266,134,249.86557133399293
395,1.7150980374057667,-1.4012200113365663,265,135,251.5806693713987
396,-5.301678178893496,1.4012200113365665,266,134,246.2789911925052
397,5.373778928670504,-1.4012200113365663,265,135,251.6527701211757
398,-0.0773992085751729,-1.4123666014296659,264,136,251.57537091260053
399,0.7343338193789464,1.4123666014296656,265,135,252.30970473197948
400,253.44459945990735,-1.4123666014296659,265,135,252.30970473197948
401,-5.038110407173349,1.4012200113365665,266,134,247.27159432480613
402,-3.4998240345628346,-1.4012200113365663,265,135,243.7717702902433
403,-1.0448441041740466,-1.4123666014296659,264,136,242.72692618606925
404,1.4196273471362133,1.4123666014296656,265,135,244.14655353320546
405,0.5958803621874722,-1.4123666014296659,264,136,244.74243389539294
406,-0.688477936003153,1.4123666014296656,265,135,244.05395595938978
407,103.59072975963909,-1.4123666014296659,264,136,347.64468571902887
408,0.07011256866326221,-1.4234733643616446,263,137,347.71479828769213
409,1.9754875990134337,1.4234733643616446,264,136,349.69028588670557
410,5.573247110843283,-1.4234733643616446,263,137,355.26353299754885
411,9.858948338709467,-1.434541194659276,262,138,365.1224813362583
412,1.5009675650722443,1.434541194659276,263,137,366.62344890133056
413,-1.2390011331602864,-1.434541194659276,262,138,365.3844477681703
414,-0.009767195660288053,1.434541194659276,263,137,365.37468057251
415,0.5155125537606295,1.4234733643616446,264,136,365.8901931262706
416,2.075257740159998,1.4123666014296656,265,135,367.9654508664306
417,-0.017278951860589586,1.4012200113365665,266,134,367.94817191457
418,-0.49533023645159346,-1.4012200113365663,265,135,367.45284167811843
419,-8.827804259603454,1.4012200113365665,266,134,358.625037418515
420,-1.6127099292805838,-1.4012200113365663,265,135,357.0123274892344
421,-1.381846898703543,-1.4123666014296659,264,136,355.63048059053085
422,6.207881727994334,-1.4234733643616446,263,137,361.8383623185252
423,612.4896290410834,-1.434541194659276,263,137,361.8383623185252
424,-0.34285994549384213,-1.434541194659276,262,138,361.49550237303134
425,-1.753431627658415,-1.4455709710494309,261,139,359.7420707453729
426,48.898154414411295,1.4455709710494309,262,138,408.6402251597842
427,251.3617788454103,-1.4455709710494309,262,138,408.6402251597842
428,980.0636760043963,-1.4455709710494309,262,138,408.6402251597842
429,-104.2734255759417,1.434541194659276,263,137,304.3667995838425
430,-0.7067347614184314,-1.434541194659276,262,138,303.6600648224241
431,-2.319746801002964,-1.4455709710494309,261,139,301.3403180214211
432,7.859474785133671,-1.4565635569664468,260,140,309.1997928065548
433,25.814493387151288,-1.4675198010424764,259,141,335.0142861937061
434,-0.3005668836421478,1.4675198010424764,260,140,334.71371931006394
435,1.35486281286353,1.4565635569664468,261,139,336.06858212292747
436,169.58232235111757,-1.4565635569664468,261,139,336.06858212292747
437,1.4804495053051596,1.4455709710494309,262,138,337.5490316282326
438,0.23146250407199886,1.434541194659276,263,137,337.7804941323046
439,1006342960.3444062,1.4234733643616446,263,137,337.7804941323046
440,0.1315269663826939,-1.434541194659276,262,138,337.9120210986873
441,0.9959428083516855,1.434541194659276,263,137,338.907963907039
442,-1.6991443728440458,1.4234733643616446,264,136,337.20881953419496
443,11.354571548381273,-1.4234733643616446,263,137,348.56339108257623
444,-1.830096481333726,-1.434541194659276,262,138,346.7332946012425
445,0.2722694923321569,1.434541194659276,263,137,347.00556409357466
446,810.5635406039188,-1.434541194659276,263,137,347.00556409357466
447,122.65396099976732,-1.434541194659276,262,138,469.659525093342
448,1.5840848950872441,1.434541194659276,263,137,471.2436099884292
449,1.662528155949417,1.4234733643616446,264,136,472.90613814437864
450,0.9908313004614797,1.4123666014296656,265,135,473.8969694448401
451,-1.395642981162439,-1.4123666014296659,264,136,472.5013264636777
452,0.3905264846629848,-1.4234733643616446,264,136,472.5013264636777
453,3502.7356600197522,-1.4234733643616446,264,136,472.5013264636777
454,-61.40125336553825,1.4123666014296656,265,135,411.10007309813943
455,1.0944893767315875,1.4012200113365665,266,134,412.194562474871
456,-0.9490769517187232,-1.4012200113365663,265,135,411.2454855231523
457,5.3541075328625425,-1.4123666014296659,264,136,416.59959305601484
458,-1.1169692085746306,-1.4234733643616446,263,137,415.4826238474402
459,1899079.3042045075,-1.434541194659276,263,137,415.4826238474402
460,0.7146221757059834,1.4234733643616446,264,136,416.1972460231462
461,0.31056869149665545,1.4123666014296656,265,135,416.50781471464285
462,1.2228635931952567,1.4012200113365665,266,134,417.7306783078381
463,4861.141653684527,-1.4012200113365663,266,134,417.7306783078381
464,1526.9407333179454,-1.4012200113365663,266,134,417.7306783078381
465,-5.211479488348687,1.3900326832304977,267,133,412.5191988194894
466,-1.1350585911885105,-1.3900326832304977,266,134,411.3841402283009
467,1.6433690622204722,1.3900326832304977,267,133,413.0275092905214
468,-1.7809461099515715,-1.3900326832304977,266,134,411.2465631805698
469,0.18032468243632138,-1.4012200113365663,265,135,411.42688786300613
470,0.9958024188150603,-1.4123666014296659,264,136,412.4226902818212
471,4.843559458873301,-1.4234733643616446,263,137,417.2662497406945
472,1.7476619041269714,1.4234733643616446,264,136,419.01391164482146
473,7.1395321167146335,1.4123666014296656,265,135,426.1534437615361
474,-107.2764730128257,1.4012200113365665,266,134,318.8769707487104
475,56.780699081485864,1.3900326832304977,267,133,375.65766983019626
476,0.7951487763061209,1.378803689390733,268,132,376.4528186065024
477,1697.9694516455181,1.3675320846643677,268,132,376.4528186065024
478,-0.33011073189402396,-1.378803689390733,267,133,376.12270787460835
479,176.13286805471006,-1.3900326832304977,267,133,376.12270787460835
480,17.399763928747234,-1.3900326832304977,266,134,393.5224718033556
481,119.75552001716613,1.3900326832304977,266,134,393.5224718033556
482,-1.573730212307737,1.3900326832304977,267,133,391.94874159104785
483,3.2262231329399356,-1.3900326832304977,266,134,395.1749647239878
484,-0.12687681822933428,1.3900326832304977,267,133,395.04808790575845
485,-1.1976916997163016,-1.3900326832304977,266,134,393.85039620604215
486,0.7510002772571625,1.3900326832304977,267,133,394.6013964832993
487,-1.1197908708219302,1.378803689390733,268,132,393.4816056124774
488,0.12170545244600817,1.3675320846643677,269,131,393.6033110649234
489,36.308760862052395,-1.3675320846643675,268,132,429.9120719269758
490,1.4493126341218385,1.3675320846643677,269,131,431.3613845610976
491,1.06198731633458,1.3562169058826126,270,130,432.4233718774322
492,18.542540166953984,-1.3562169058826126,269,131,450.9659120443862
493,39.15524159053962,1.3562169058826126,269,131,450.9659120443862
494,1767.6546084816837,-1.3675320846643675,269,131,450.9659120443862
495,-0.36441664240197724,-1.3675320846643675,268,132,450.6014954019842
496,320.1689949379957,-1.378803689390733,268,132,450.6014954019842
497,65.51723351444758,1.3675320846643677,268,132,450.6014954019842
498,1.1270180110840329,1.3675320846643677,269,131,451.72851341306824
499,422.2792808780136,-1.3675320846643675,269,131,451.72851341306824
500,20.51037934968997,1.3562169058826126,270,130,472.2388927627582
501,0.19838245714481673,1.3448571712557174,271,129,472.43727521990303
502,-10.115518439148616,1.3334518797455106,272,128,462.3217567807544
503,1.1954467232903312,1.3220000104144933,273,127,463.51720350404474
504,473.49710891644855,-1.3220000104144933,273,127,463.51720350404474
505,168876727355.3716,-1.3220000104144933,273,127,463.51720350404474
506,1935.1923698019366,-1.3220000104144933,273,127,463.51720350404474
507,-0.257905680840679,1.310500521750357,274,126,463.25929782320407
508,22862.918985663007,-1.310500521750357,274,126,463.25929782320407
509,0.5663339967322258,1.2989523509647427,275,125,463.8256318199363
510,1.8203013404005333,-1.2989523509647427,274,126,465.6459331603368
511,1.4374638302055018,1.2989523509647427,275,125,467.0833969905423
512,-2.245241191324169,-1.2989523509647427,274,126,464.83815579921816
513,778.8514988746372,1.2989523509647427,274,126,464.83815579921816
514,93.926388037185,1.2989523509647427,274,126,464.83815579921816
515,0.4009319875928554,1.2989523509647427,275,125,465.239087786811
516,1.8337373096039755,1.287354413264987,276,124,467.072825096415
517,-0.005916070304408549,1.2757056010975343,277,123,467.0669090261106
518,-0.3740075256637283,-1.2757056010975343,276,124,466.69290150044685
519,-1.2386500159821026,-1.287354413264987,275,125,465.45425148446475
520,9.446900934943699,-1.2989523509647427,274,126,474.90115241940845
521,86.1527990533221,-1.310500521750357,273,127,561.0539514727305
522,-4.0150198371323995,-1.3220000104144933,272,128,557.0389316355981
523,10.363265517364198,-1.3334518797455106,271,129,567.4021971529623
524,0.8930690625047646,1.3334518797455106,272,128,568.2952662154671
525,86.77449094348572,-1.3334518797455106,272,128,568.2952662154671
526,-1.347255739263801,-1.3334518797455106,271,129,566.9480104762033
527,3.8289870893449915,1.3334518797455106,272,128,570.7769975655483
528,0.9248572570943452,-1.3334518797455106,271,129,571.7018548226426
529,-3.5780364416723387,-1.3448571712557174,270,130,568.1238183809703
530,2.087835289547911,1.3448571712557174,271,129,570.2116536705182
531,-15.088969325758853,-1.3448571712557174,270,130,555.1226843447594
532,23.228044456531165,-1.3562169058826126,269,131,578.3507288012905
533,0.25707026160841906,-1.3675320846643675,268,132,578.607799062899
534,1.6292903896182906,1.3675320846643677,269,131,580.2370894525172
535,56.88034726823844,-1.3675320846643675,269,131,580.2370894525172
536,14325.860881360722,-1.3675320846643675,269,131,580.2370894525172
537,1.0196789622307278,1.3562169058826126,270,130,581.256768414748
538,1.188175142562386,-1.3562169058826126,269,131,582.4449435573104
539,-9.072388444127,1.3562169058826126,270,130,573.3725551131834
540,-4.381474818669858,1.3448571712557174,271,129,568.9910802945135
541,0.4866372574632578,1.3334518797455106,272,128,569.4777175519768
542,0.4181896048866065,1.3220000104144933,273,127,569.8959071568634
543,-1.1593658201413746,-1.3220000104144933,272,128,568.736541336722
544,-1.0900091039886775,-1.3334518797455106,271,129,567.6465322327333
545,0.44560909574568086,1.3334518797455106,272,128,568.092141328479
546,-7.333036666559451,1.3220000104144933,273,127,560.7591046619195
547,-0.30796619071838904,-1.3220000104144933,272,128,560.4511384712011
548,56.71167409104646,-1.3334518797455106,271,129,617.1628125622476
549,10995.20572506667,-1.3448571712557174,271,129,617.1628125622476
550,10.580364599531094,-1.3448571712557174,270,130,627.7431771617787
551,-1.6666442766949103,-1.3562169058826126,269,131,626.0765328850838
552,1.0146878192030044,1.3562169058826126,270,130,627.0912207042868
553,0.6394295092100037,1.3448571712557174,271,129,627.7306502134968
554,0.6403226876780082,-1.3448571712557174,270,130,628.3709729011748
555,-3.2436989152186015,1.3448571712557174,271,129,625.1272739859562
556,-0.19667621650751244,-1.3448571712557174,270,130,624.9305977694487
557,28.497275486254466,-1.3562169058826126,270,130,624.9305977694487
558,11.731774504488385,1.3448571712557174,271,129,636.6623722739371
559,0.8421976510562672,1.3334518797455106,272,128,637.5045699249933
560,106.16115000499462,-1.3334518797455106,272,128,637.5045699249933
561,805.4566868508853,-1.3334518797455106,272,128,637.5045699249933
562,-0.12496106304490695,-1.3334518797455106,271,129,637.3796088619484
563,-72.29591598400918,1.3334518797455106,272,128,565.0836928779393
564,-138.6891344400443,1.3220000104144933,273,127,426.39455843789494
565,-1.2152889514540561,-1.3220000104144933,272,128,425.1792694864409
566,0.6884660809739103,1.3220000104144933,273,127,425.8677355674148
567,-2.8856378406091494,1.310500521750357,274,126,422.98209772680565
568,0.9520109364233349,-1.310500521750357,273,127,423.934108663229
569,-5.291990154488644,1.310500521750357,274,126,418.64211850874034
570,-1.412946020087361,-1.310500521750357,273,127,417.229172488653
571,0.09812571981251494,1.310500521750357,274,126,417.3272982084655
572,3.3819531844096673,1.2989523509647427,275,125,420.70925139287516
573,8120.348010796509,-1.2989523509647427,275,125,420.70925139287516
574,8.446402707827303,1.287354413264987,276,124,429.15565410070246
575,1.0272479482080143,1.2757056010975343,277,123,430.1829020489105
576,1.076953319635038,1.2640047833616164,278,122,431.2598553685455
577,-0.5939885098341051,1.2522508045917269,279,121,430.6658668587114
578,10.649801473729724,-1.2522508045917269,278,122,441.31566833244113
579,2.3045018378193163,1.2522508045917269,279,121,443.62017017026045
580,0.09268556831142405,-1.2522508045917269,278,122,443.7128557385719
581,-8.836219148742884,1.2522508045917269,279,121,434.876636589829
582,0.21683035623561864,1.2404424841073274,280,120,435.0934669460646
583,1.6641785902317565,1.2285786151281362,281,119,436.75764553629637
584,0.8121642682882566,1.2166579638532518,282,118,437.5698098045846
585,0.5954609400241111,1.2046792685022631,283,117,438.16527074460873
586,0.32363497021265175,1.192641238316386,284,116,438.4889057148214
587,0.1954842943168842,1.18054255251755,285,115,438.68439000913827
588,0.18423076959749096,1.1683818592232333,286,114,438.86862077873576
589,162.98007291652488,-1.1683818592232336,286,114,438.86862077873576
590,-17.86858743759211,1.1561577743147102,287,113,421.00003334114365
591,-0.5210557656093897,-1.1561577743147102,286,114,420.47897757553426
592,-66.92763554472725,1.1561577743147102,287,113,353.551342030807
593,0.951111554108877,1.1438688802562305,288,112,354.5024535849159
594,1.8880694454035734,-1.1438688802562307,287,113,356.39052303031946
595,-0.20705761952666535,-1.1561577743147102,286,114,356.1834654107928
596,5.338053459887988,1.1561577743147102,287,113,361.5215188706808
597,0.8068532077933241,1.1438688802562305,288,112,362.3283720784741
598,-0.959342932475181,-1.1438688802562307,287,113,361.3690291459989
599,7400.631446127597,-1.1561577743147102,287,113,361.3690291459989
600,0.2662383275527418,-1.1561577743147102,286,114,361.63526747355166
601,1.234444279807974,1.1561577743147102,287,113,362.86971175335964
602,4693.406403915727,1.1438688802562305,287,113,362.86971175335964
603,-1.1123680884483065,-1.1561577743147102,286,114,361.75734366491133
604,-5.905628009903012,-1.1683818592232336,285,115,355.8517156550083
605,-1.059408179597881,-1.1805425525175501,284,116,354.79230747541044
606,-2.807816360639663,1.18054255251755,285,115,351.9844911147708
607,-0.2558871275243746,-1.1805425525175501,284,116,351.7286039872464
608,-0.6818585743341146,-1.192641238316386,283,117,351.0467454129123
609,1.4349427898913518,1.192641238316386,284,116,352.48168820280364
610,-0.15628510206886403,-1.192641238316386,283,117,352.3254031007348
611,0.4974810041570663,1.192641238316386,284,116,352.82288410489184
612,1.280412931888236,1.18054255251755,285,115,354.1032970367801
613,6291293.630543867,-1.1805425525175501,285,115,354.1032970367801
614,4.2339965326191304,-1.1805425525175501,284,116,358.3372935693992
615,-0.4645027646690778,1.18054255251755,285,115,357.87279080473013
616,0.10037241498650928,-1.1805425525175501,284,116,357.97316321971664
617,2.1033260654132846,1.18054255251755,285,115,360.0764892851299
618,-5.083515557621013,1.1683818592232333,286,114,354.9929737275089
619,-12.118549465394608,1.1561577743147102,287,113,342.8744242621143
620,-0.32632456152407485,1.1438688802562305,288,112,342.5480997005902
621,0.4270166969818092,1.1315137248624982,289,111,342.97511639757204
622,0.1836017907924088,-1.1315137248624982,288,112,343.15871818836445
623,1.2793504678533054,1.1315137248624982,289,111,344.43806865621775
624,1383.7963240109698,-1.1315137248624982,289,111,344.43806865621775
625,0.5738072281792483,1.1190908200116503,290,110,345.011875884397
626,-0.4902623601404912,-1.1190908200116503,289,111,344.5216135242565
627,-0.8197472837103987,-1.1315137248624982,288,112,343.7018662405461
628,1.2087935761463768,1.1315137248624982,289,111,344.9106598166925
629,0.8442167215659993,1.1190908200116503,290,110,345.7548765382585
630,-0.8977730382180198,1.1065986403007597,291,109,344.85710350004047
631,-0.7706035859229132,-1.1065986403007597,290,110,344.08649991411755
632,0.32858142420491276,1.1065986403007597,291,109,344.41508133832247
633,-0.6266683842420662,-1.1065986403007597,290,110,343.7884129540804
634,0.6475949683933777,1.1065986403007597,291,109,344.4360079224738
635,0.06904069068355057,1.094035621640698,292,108,344.5050486131573
636,-1.1164220758459464,-1.094035621640698,291,109,343.3886265373114
637,-0.05466333938392154,1.094035621640698,292,108,343.33396319792746
638,1.1683438615888235,1.0814001597869882,293,107,344.5023070595163
639,-0.8957142105842877,-1.0814001597869884,292,108,343.606592848932
640,0.7309079061561761,1.0814001597869882,293,107,344.3375007550882
641,1.6626679047477637,1.0686906088030605,294,106,346.00016865983594
642,1.1727742202626814,1.0559052794520833,295,105,347.1729428800986
643,528500.0958242113,-1.0559052794520831,295,105,347.1729428800986
644,-1.114208850716409,-1.0559052794520831,294,106,346.0587340293822
645,-2.5998305283359286,-1.0686906088030605,293,107,343.4589035010463
646,7.49797862785573,1.0686906088030605,294,106,350.956882128902
647,96.95539893031838,1.0559052794520833,295,105,447.9122810592204
648,-0.36179686662228505,-1.0559052794520831,294,106,447.5504841925981
649,1.1327915322018498,1.0559052794520833,295,105,448.68327572479996
650,-0.6456934312344629,-1.0559052794520831,294,106,448.0375822935655
651,-1.2756041290942903,-1.0686906088030605,293,107,446.7619781644712
652,-7.63250678800847,-1.0814001597869884,292,108,439.12947137646273
653,-0.3917188398418716,-1.094035621640698,291,109,438.73775253662086
654,883.2686382348023,1.094035621640698,291,109,438.73775253662086
655,2432027.3425660613,-1.1065986403007597,291,109,438.73775253662086
656,-0.3730205460947218,-1.1065986403007597,290,110,438.36473199052614
657,-0.3466913760570378,1.1065986403007597,291,109,438.0180406144691
658,1.3469905135630142,1.094035621640698,292,108,439.3650311280321
659,0.6575130992962386,-1.094035621640698,291,109,440.02254422732835
660,117.78285436121257,-1.1065986403007597,291,109,440.02254422732835
661,-2.442051876315986,-1.1065986403007597,290,110,437.58049235101237
662,2.543486717162125,1.1065986403007597,291,109,440.1239790681745
663,9.681019217488938,-1.1065986403007597,290,110,449.80499828566343
664,-0.03792887150285651,1.1065986403007597,291,109,449.7670694141606
665,-1.3463623583477329,-1.1065986403007597,290,110,448.42070705581284
666,1.3631842134502676,1.1065986403007597,291,109,449.7838912692631
667,0.12287679190581002,-1.1065986403007597,290,110,449.9067680611689
668,0.5670823700770597,1.1065986403007597,291,109,450.473850431246
669,0.685901193199129,1.094035621640698,292,108,451.1597516244451
670,-2.471007834323359,1.0814001597869882,293,107,448.68874379012175
671,0.5453153953467336,1.0686906088030605,294,106,449.2340591854685
672,9.104697360635953,-1.0686906088030605,293,107,458.33875654610443
673,1.9613879489034503,1.0686906088030605,294,106,460.3001444950079
674,-18.269001598530735,1.0559052794520833,295,105,442.03114289647715
675,0.33135509379275163,1.043042437513299,296,104,442.3624979902699
676,0.806544313406448,1.030100302018509,297,103,443.16904230367635
677,0.49871296502789164,1.0170770434040672,298,102,443.66775526870424
678,5100.074776024241,1.0039707815734205,298,102,443.66775526870424
679,0.3437214719489248,1.0039707815734205,299,101,444.01147674065317
680,2.0187132652698665,0.9907795838648943,300,100,446.03019000592303
681,28.27469185468476,0.9775014629190516,301,99,474.3048818606078
682,-22.80425686315141,0.9641343744395563,302,98,451.5006249974564
683,-1.133452943080215,-0.9641343744395562,301,99,450.36717205437617
684,734721.6705853854,-0.9775014629190516,301,99,450.36717205437617
685,-2.108595431059257,-0.9775014629190516,300,100,448.2585766233169
686,0.8466788007403352,0.9775014629190516,301,99,449.10525542405725
687,0.2742381668782059,-0.9775014629190516,300,100,449.37949359093545
688,322.434169074437,-0.9907795838648943,300,100,449.37949359093545
689,1.888105260049656,0.9775014629190516,300,100,449.37949359093545
690,-1.4975887041127862,-0.9907795838648943,299,101,447.88190488682267
691,0.8390802882414619,0.9907795838648943,300,100,448.72098517506413
692,176.42496883640626,0.9775014629190516,300,100,448.72098517506413
693,-9.435589899904187,0.9775014629190516,301,99,439.28539527515994
694,1.4650139713829162,0.9641343744395563,302,98,440.75040924654286
695,-1.14746046864866,-0.9641343744395562,301,99,439.6029487778942
696,182.9411529107192,-0.9775014629190516,300,100,622.5441016886134
697,-0.6067136702000653,0.9775014629190516,301,99,621.9373880184133
698,-36.783311465051725,0.9641343744395563,302,98,585.1540765533616
699,0.7665239652700393,0.9506762148410386,303,97,585.9206005186317
700,-1.546464107395309,-0.9506762148410387,302,98,584.3741364112363
701,0.2399193208448196,0.9506762148410386,303,97,584.6140557320812
702,0.22654424440690946,-0.9506762148410387,302,98,584.8405999764881
703,-4.104176087617134,0.9506762148410386,303,97,580.736423888871
704,-1.5641688578127741,-0.9506762148410387,302,98,579.1722550310582
705,0.7164200991658163,0.9506762148410386,303,97,579.888675130224
706,-0.25934561323504113,-0.9506762148410387,302,98,579.629329516989
707,0.5062429943933466,-0.9641343744395562,301,99,580.1355725113823
708,-1.1155501927486284,-0.9775014629190516,300,100,579.0200223186337
709,6.63862565411921,-0.9907795838648943,299,101,585.6586479727529
710,-0.5827147471050012,-1.0039707815734207,298,102,585.0759332256479
711,-0.8463304183243281,1.0039707815734205,299,101,584.2296028073235
712,60.72683076181238,-1.0039707815734207,298,102,644.9564335691359
713,0.3877797559314331,1.0039707815734205,299,101,645.3442133250674
714,138630774.98111752,0.9907795838648943,299,101,645.3442133250674
715,-7.328025948896993,-1.0039707815734207,298,102,638.0161873761704
716,-2.003772849755933,-1.0170770434040672,297,103,636.0124145264144
717,1.6350896962887873,1.0170770434040672,298,102,637.6475042227032
718,-1.0060236097656343,-1.0170770434040672,297,103,636.6414806129376
719,3.0823325986291366,1.0170770434040672,298,102,639.7238132115667
720,-94.90919457508085,-1.0170770434040672,297,103,544.8146186364859
721,173.70912558697114,-1.0301003020185089,297,103,544.8146186364859
722,-0.35185208079883523,-1.0301003020185089,296,104,544.462766555687
723,1.5632097889067609,1.030100302018509,297,103,546.0259763445938
724,-0.9597648103692791,-1.0301003020185089,296,104,545.0662115342245
725,0.5397145412412101,-1.043042437513299,295,105,545.6059260754657
726,-0.6065874758185146,-1.0559052794520831,294,106,544.9993385996472
727,3.0142304329285707,1.0559052794520833,295,105,548.0135690325758
728,-24.73132584953828,1.043042437513299,296,104,523.2822431830375
729,-0.3227855108202675,-1.043042437513299,295,105,522.9594576722172
730,420.54839246011375,-1.0559052794520831,295,105,522.9594576722172
731,355.08733101474513,1.043042437513299,295,105,522.9594576722172
732,-0.33214257631766486,-1.0559052794520831,294,106,522.6273150958996
733,3085.5279231620625,1.0559052794520833,294,106,522.6273150958996
734,-1.118241681581594,1.0559052794520833,295,105,521.509073414318
735,-5.2687443318716305,1.043042437513299,296,104,516.2403290824464
736,0.40318104174275504,1.030100302018509,297,103,516.6435101241891
737,1439.51165079658,-1.0301003020185089,297,103,516.6435101241891
738,1.6346360059125118,1.0170770434040672,298,102,518.2781461301016
739,-1.835494087970119,1.0039707815734205,299,101,516.4426520421315
740,-0.602875954677188,0.9907795838648943,300,100,515.8397760874543
741,-2.5912884481192577,0.9775014629190516,301,99,513.248487639335
742,1.4123139737657766,-0.9775014629190516,300,100,514.6608016131008
743,-0.45629518139617176,-0.9907795838648943,299,101,514.2045064317047
744,0.5035855114888363,0.9907795838648943,300,100,514.7080919431935
745,-1.2976824999691416,-0.9907795838648943,299,101,513.4104094432244
746,1.1773767152701566,0.9907795838648943,300,100,514.5877861584945
747,-0.8747240143463841,-0.9907795838648943,299,101,513.7130621441481
748,0.4869873143230734,0.9907795838648943,300,100,514.2000494584712
749,-0.8634475930231247,-0.9907795838648943,299,101,513.3366018654481
750,0.18678674482157476,0.9907795838648943,300,100,513.5233886102696
751,-4.478636605002521,0.9775014629190516,301,99,509.0447520052671
752,0.8754043453079703,0.9641343744395563,302,98,509.9201563505751
753,1.4143573591670702,0.9506762148410386,303,97,511.33451370974217
754,-1.8680722466729094,-0.9506762148410387,302,98,509.46644146306926
755,0.3360052997232401,0.9506762148410386,303,97,509.8024467627925
756,1.8032864438080196,0.9371248187769972,304,96,511.6057332066005
757,0.3442657987523603,0.9234779565402607,305,95,511.9499990053529
758,-26.81359813047061,-0.9234779565402605,304,96,485.13640087488227
759,7.742185757972834,-0.937124818776997,303,97,492.8785866328551
760,0.6346424119243466,0.9371248187769972,304,96,493.51322904477945
761,2.279361886235222,0.9234779565402607,305,95,495.7925909310147
762,0.8846914324112731,-0.9234779565402605,304,96,496.67728236342595
763,1.8006213910893507,0.9234779565402607,305,95,498.4779037545153
764,377.25604444879207,-0.9234779565402605,305,95,498.4779037545153
765,1.78410474048286,0.909733331327996,306,94,500.26200849499816
766,-0.10413514991307693,-0.909733331327996,305,95,500.1578733450851
767,-0.694481236620561,-0.9234779565402605,304,96,499.4633921084645
768,-0.44701210302139316,-0.937124818776997,303,97,499.0163800054431
769,326.77446248532283,0.9371248187769972,303,97,499.0163800054431
770,0.18617392516136988,0.9371248187769972,304,96,499.2025539306045
771,0.7761490882999169,0.9234779565402607,305,95,499.9787030189044
772,-8.261528184229917,0.909733331327996,306,94,491.7171748346745
773,-0.41029451776137194,0.8958885763626427,307,93,491.3068803169131
774,-22.82790334489181,-0.8958885763626426,306,94,468.4789769720213
775,25412089.96204928,0.8958885763626427,306,94,468.4789769720213
776,0.3903430866645863,0.8958885763626427,307,93,468.8693200586859
777,1.7018968882691752,-0.8958885763626426,307,93,468.8693200586859
778,0.13515677375232826,0.8819412518595174,308,92,469.00447683243823
779,74.72552949710547,0.8678888418311308,309,91,543.7300063295437
780,-0.673747127815318,-0.8678888418311308,308,92,543.0562592017284
781,0.9567809239754297,0.8678888418311308,309,91,544.0130401257038
782,0.38507670820717976,-0.8678888418311308,308,92,544.398116833911
783,-1.7495709546906255,-0.8819412518595173,307,93,542.6485458792204
784,-0.6430557492644766,-0.8958885763626426,306,94,542.0054901299559
785,-0.4011523493693403,0.8958885763626427,307,93,541.6043377805865
786,427.437360793588,0.8819412518595174,307,93,541.6043377805865
787,-0.29174715198587364,0.8819412518595174,308,92,541.3125906286007
788,1.3522876221225033,0.8678888418311308,309,91,542.6648782507232
789,0.9164620063800157,0.853728750717494,310,90,543.5813402571032
790,-8.116614963747224,-0.8537287507174941,309,91,535.464725293356
791,1.0812046330916019,0.853728750717494,310,90,536.5459299264476
792,-1.552214065805174,-0.8537287507174941,309,91,534.9937158606424
793,0.5424043461923702,0.853728750717494,310,90,535.5361202068348
794,0.1426942543300811,0.8394582998308668,311,89,535.6788144611648
795,-182.86424973485214,0.8250747236024933,312,88,352.8145647263127
796,-1.1767423804082,-0.8250747236024933,311,89,351.6378223459045
797,-1.2668998781954315,-0.8394582998308668,310,90,350.3709224677091
798,0.07398111334032365,-0.8537287507174941,309,91,350.4449035810494
799,-61.37022224273244,0.853728750717494,310,90,289.07468133831696
800,1.2247861828622604,0.8394582998308668,311,89,290.2994675211792
801,9.073732701738834,-0.8394582998308668,310,90,299.37320022291806
802,2.5782313312889755,0.8394582998308668,311,89,301.95143155420703
803,1.0303369872817711,0.8250747236024933,312,88,302.9817685414888
804,0.45055889053867304,0.8105751656178891,313,87,303.4323274320275
805,1691.9111972333278,0.7959566744261662,313,87,303.4323274320275
806,1.3251002012752906,0.7959566744261662,314,86,304.75742763330277
807,-0.8767039496699454,-0.7959566744261664,313,87,303.8807236836328
808,0.22116226078765067,0.7959566744261662,314,86,304.1018859444205
809,-0.39564417770088767,-0.7959566744261664,313,87,303.7062417667196
810,-0.06523191026576569,0.7959566744261662,314,86,303.6410098564538
811,6458.267869815546,-0.7959566744261664,314,86,303.6410098564538
812,-0.33779064061604913,-0.7959566744261664,313,87,303.30321921583777
813,0.9287152754142767,0.7959566744261662,314,86,304.23193449125205
814,0.005992507812436543,0.7812161991077105,315,85,304.2379269990645
815,1.2276579136532746,0.7663505845832402,316,84,305.46558491271776
816,-57.41947774317288,-0.7663505845832402,315,85,248.04610716954488
817,-10.218621703794383,0.7663505845832402,316,84,237.8274854657505
818,0.5073810638964744,0.751356566645869,317,83,238.33486652964697
819,0.31260014390562674,-0.7513565666458689,316,84,238.6474666735526
820,-0.021519830615090996,0.751356566645869,317,83,238.6259468429375
821,136.13209651857935,-0.7513565666458689,317,83,238.6259468429375
822,1.1027216717837973,0.736230766696257,318,82,239.7286685147213
823,1043874.6399754904,0.7209696861592445,318,82,239.7286685147213
824,1.9867636823806265,-0.736230766696257,317,83,241.71543219710193
825,-3.1099800022366537,-0.7513565666458689,316,84,238.60545219486528
826,-0.7380982699366996,-0.7663505845832402,315,85,237.86735392492858
827,-1.1543505287586129,-0.7812161991077107,314,86,236.71300339616997
828,-1.19390076619635,-0.7959566744261664,313,87,235.51910262997362
829,0.5150857156694144,0.7959566744261662,314,86,236.03418834564303
830,-0.2595299298707232,-0.7959566744261664,313,87,235.7746584157723
831,-0.998501214265076,-0.8105751656178892,312,88,234.77615720150723
832,1.1526363483384614,0.8105751656178891,313,87,235.9287935498457
833,-0.028878714983449072,-0.8105751656178892,312,88,235.89991483486224
834,0.09163650593745842,0.8105751656178891,313,87,235.9915513407997
835,0.3040718578913868,0.7959566744261662,314,86,236.2956231986911
836,8.857218419693453,-0.7959566744261664,313,87,245.15284161838454
837,0.11919552912965514,0.7959566744261662,314,86,245.2720371475142
838,0.05579608899384425,-0.7959566744261664,313,87,245.32783323650804
839,-1.0761394071531356,-0.8105751656178892,312,88,244.2516938293549
840,1750120.4742283758,0.8105751656178891,312,88,244.2516938293549
841,0.0016900302251769972,-0.8250747236024933,311,89,244.25338385958008
842,3493.7679730860136,-0.8394582998308668,311,89,244.25338385958008
843,-123.45891531146643,0.8250747236024933,312,88,120.79446854811366
844,0.24639336267023282,0.8105751656178891,313,87,121.04086191078389
845,1.9882384056417663,0.7959566744261662,314,86,123.02910031642566
846,-10.154602202940026,0.7812161991077105,315,85,112.87449811348563
847,-1.125079475252818,-0.7812161991077107,314,86,111.74941863823281
848,0.0677216264117817,0.7812161991077105,315,85,111.81714026464459
849,14.396532444975321,-0.7812161991077107,314,86,126.21367270961991
850,-0.5295255200026929,0.7812161991077105,315,85,125.68414718961722
851,-1.301436354126139,-0.7812161991077107,314,86,124.38271083549108
852,-0.9675777628953881,-0.7959566744261664,313,87,123.4151330725957
853,-9.811194637899035,0.7959566744261662,314,86,113.60393843469666
854,-2.6607036252355556,-0.7959566744261664,313,87,110.9432348094611
855,3.92246480278385,0.7959566744261662,314,86,114.86569961224495
856,1.1131109090066502,0.7812161991077105,315,85,115.9788105212516
857,-0.5767061597149734,-0.7812161991077107,314,86,115.40210436153663
858,157.77522750565257,-0.7959566744261664,314,86,115.40210436153663
859,509761.33213351207,-0.7959566744261664,314,86,115.40210436153663
860,0.2717194757602499,0.7812161991077105,315,85,115.67382383729688
861,13.952935007424486,0.7663505845832402,316,84,129.62675884472137
862,-1.3275767985298046,0.751356566645869,317,83,128.29918204619156
863,1.051213425895014,0.736230766696257,318,82,129.35039547208657
864,0.07688726719231909,-0.736230766696257,317,83,129.4272827392789
865,135.43922564784975,0.736230766696257,317,83,129.4272827392789
866,-0.0761063870578198,0.736230766696257,318,82,129.35117635222107
867,0.39900024493903175,0.7209696861592445,319,81,129.7501765971601
868,-9.064914278549594,0.7055697005585024,320,80,120.68526231861051
869,-0.7627636046557313,0.6900270532237017,321,79,119.92249871395478
870,-0.054035278859686287,0.674337848602449,322,78,119.8684634350951
871,24.758522583415925,-0.674337848602449,321,79,144.62698601851102
872,0.17632684378858698,-0.6900270532237016,320,80,144.8033128622996
873,0.7890798066166269,0.6900270532237017,321,79,145.59239266891623
874,-0.5969316145572066,-0.6900270532237016,320,80,144.99546105435903
875,-0.9021273377558146,0.6900270532237017,321,79,144.0933337166032
876,0.26686581532274545,0.674337848602449,322,78,144.36019953192596
877,13.226166810099386,0.6584980451467711,323,77,157.58636634202534
878,21.47249683467129,-0.658498045146771,322,78,179.05886317669663
879,1.3989640565367552,0.6584980451467711,323,77,180.4578272332334
880,-0.39251962561451137,-0.658498045146771,322,78,180.06530760761888
881,195.9647448634683,-0.674337848602449,322,78,180.06530760761888
882,-24.388836366608643,0.6584980451467711,323,77,155.67647124101023
883,-0.10120541458064736,-0.658498045146771,322,78,155.5752658264296
884,0.5896777314655708,0.6584980451467711,323,77,156.16494355789516
885,0.08244573933515653,0.6425034477411904,324,76,156.2473892972303
886,1167.4892789474998,0.6263496996364295,324,76,156.2473892972303
887,-0.18071106271747794,-0.6425034477411904,323,77,156.06667823451284
888,45.013196117329585,-0.658498045146771,323,77,156.06667823451284
889,-1.2854875928073,-0.658498045146771,322,78,154.78119064170554
890,-0.19760181127037413,0.6584980451467711,323,77,154.58358883043516
891,-0.16099249542398297,0.6425034477411904,324,76,154.42259633501118
892,0.32280785770336706,0.6263496996364295,325,75,154.74540419271455
893,-2.422711403769682,-0.6263496996364295,324,76,152.32269278894486
894,0.5733021461294356,0.6263496996364295,325,75,152.8959949350743
895,1008123.9509372166,-0.6263496996364295,325,75,152.8959949350743
896,-1.833781950120141,-0.6263496996364295,324,76,151.06221298495416
897,-21.860052278050375,0.6263496996364295,325,75,129.20216070690378
898,2.539963143643007,-0.6263496996364295,324,76,131.7421238505468
899,0.2083514504691948,0.6263496996364295,325,75,131.95047530101598
900,2.460081446587452,-0.6263496996364295,324,76,134.41055674760344
901,-0.4174391519981384,0.6263496996364295,325,75,133.9931175956053
902,21.42683988970171,-0.6263496996364295,324,76,155.419957485307
903,-0.6095487132556059,-0.6425034477411904,323,77,154.8104087720514
904,0.0699991771644477,-0.658498045146771,322,78,154.88040794921585
905,0.7834880145373404,0.6584980451467711,323,77,155.6638959637532
906,1.0682967228697748,0.6425034477411904,324,76,156.73219268662297
907,-0.20073044495146064,-0.6425034477411904,323,77,156.5314622416715
908,-0.19661733454915975,-0.658498045146771,322,78,156.33484490712235
909,1079.5359666863026,0.6584980451467711,322,78,156.33484490712235
910,-0.0002473684722872349,0.6584980451467711,323,77,156.33459753865006
911,17809.195860922715,-0.658498045146771,323,77,156.33459753865006
912,-2.3969474432396964,-0.658498045146771,322,78,153.93765009541036
913,0.3840488766048509,-0.674337848602449,321,79,154.3216989720152
914,1.2157641228513967,0.674337848602449,322,78,155.5374630948666
915,-0.45763331852401734,-0.674337848602449,321,79,155.0798297763426
916,7.19896097263225,0.674337848602449,322,78,162.27879074897484
917,-0.7387482677511628,-0.674337848602449,321,79,161.54004248122368
918,-0.06817281318433288,0.674337848602449,322,78,161.47186966803935
919,-0.08510160664255295,0.6584980451467711,323,77,161.3867680613968
920,-22.570072222265964,0.6425034477411904,324,76,138.81669583913083
921,0.21222308126448297,-0.6425034477411904,323,77,139.0289189203953
922,0.5126629586037836,-0.658498045146771,322,78,139.5415818789991
923,-1.9564334145166526,-0.674337848602449,321,79,137.58514846448244
924,-1.4510981534619987,-0.6900270532237016,320,80,136.13405031102045
925,0.6161235511209497,-0.7055697005585025,319,81,136.7501738621414
926,0.1677793080208403,0.7055697005585024,320,80,136.91795317016224
927,-0.19603608843834763,0.6900270532237017,321,79,136.7219170817239
928,369073.7393130192,-0.6900270532237016,321,79,136.7219170817239
929,1217.009885461367,-0.6900270532237016,321,79,136.7219170817239
930,-0.004036857850763909,0.674337848602449,322,78,136.71788022387312
931,-9.651271425805476,0.6584980451467711,323,77,127.06660879806765
932,1054258.9922562498,-0.658498045146771,323,77,127.06660879806765
933,0.7548041739968312,-0.658498045146771,322,78,127.82141297206448
934,0.37745676012383456,0.6584980451467711,323,77,128.1988697321883
935,-1.8777975443773016,-0.658498045146771,322,78,126.32107218781101
936,0.27131384932263813,-0.674337848602449,321,79,126.59238603713365
937,0.9638213962939233,0.674337848602449,322,78,127.55620743342757
938,-0.4013325101028329,0.6584980451467711,323,77,127.15487492332474
939,-0.8968973281808132,0.6425034477411904,324,76,126.25797759514393
940,0.5184089226737854,0.6263496996364295,325,75,126.77638651781771
941,0.699416124091357,0.6100322738494387,326,74,127.47580264190907
942,3313.2408642532146,0.5935464639867523,326,74,127.47580264190907
943,-0.6910043245047746,-0.6100322738494387,325,75,126.7847983174043
944,-1.152405883523329,-0.6263496996364295,324,76,125.63239243388097
945,-0.549961871152874,-0.6425034477411904,323,77,125.08243056272809
946,0.044179825773284165,0.6425034477411904,324,76,125.12661038850138
947,3.4698806318099003,-0.6425034477411904,323,77,128.59649102031128
948,-0.18740370313960852,0.6425034477411904,324,76,128.40908731717167
949,2996.4067485264386,-0.6425034477411904,324,76,128.40908731717167
950,0.8616284354702657,-0.6425034477411904,323,77,129.27071575264193
951,0.36566515976318215,0.6425034477411904,324,76,129.63638091240512
952,-0.22345927860274628,0.6263496996364295,325,75,129.41292163380237
953,0.865217349223002,0.6100322738494387,326,74,130.27813898302537
954,-0.3267561104424317,-0.6100322738494387,325,75,129.95138287258294
955,0.9377641672747643,-0.6263496996364295,324,76,130.8891470398577
956,-74.78990028568617,-0.6425034477411904,323,77,56.09924675417153
957,-0.19814817972252285,-0.658498045146771,322,78,55.90109857444901
958,-0.4870133747426735,0.6584980451467711,323,77,55.414085199706335
959,-0.15456388723126224,-0.658498045146771,322,78,55.25952131247507
960,-2.1557263772100157,0.6584980451467711,323,77,53.10379493526506
961,0.09375761275009609,-0.658498045146771,322,78,53.19755254801515
962,1.2063709304721328,0.6584980451467711,323,77,54.403923478487286
963,1.3182532336793855,0.6425034477411904,324,76,55.72217671216667
964,0.16222191569057998,0.6263496996364295,325,75,55.88439862785725
965,-0.8184893420385606,-0.6263496996364295,324,76,55.06590928581869
966,0.005227620625902318,0.6263496996364295,325,75,55.07113690644459
967,-0.6404956133701774,0.6100322738494387,326,74,54.430641293074416
968,1.429735924124202,0.5935464639867523,327,73,55.86037721719862
969,-0.38208287522128614,0.5768873744440833,328,72,55.47829434197733
970,-0.3350833459415412,-0.5768873744440833,327,73,55.14321099603579
971,1.353373480755593,0.5768873744440833,328,72,56.496584476791384
972,1.410404551910318,0.5600499099305194,329,71,57.9069890287017
973,0.5774134459101248,0.5430287642606254,330,70,58.48440247461183
974,0.053689313227735624,0.525818408352132,331,69,58.53809178783956
975,1.2766104423109397,0.5084130773606068,332,68,59.8147022301505
976,0.8201727539843944,0.49080675687549885,333,67,60.634874984134896
977,0.45214127506260127,-0.49080675687549874,332,68,61.0870162591975
978,-0.17565811695219224,-0.5084130773606067,331,69,60.911358142245305
979,0.05752597211919408,0.5084130773606068,332,68,60.9688841143645
980,-0.18128040885268604,0.49080675687549885,333,67,60.78760370551181
981,0.217712532024251,0.4729931680941016,334,66,61.005316237536064
982,-0.00613543516986681,0.4549657518811951,335,65,60.9991808023662
983,-5.727151371795628,-0.454965751881195,334,66,55.27202943057057
984,-1.3037421026909755,-0.47299316809410163,333,67,53.968287327879594
985,-0.11593699547375991,-0.49080675687549874,332,68,53.852350332405834
986,59.220048785459895,-0.5084130773606067,331,69,113.07239911786573
987,0.3008206282651571,0.5084130773606068,332,68,113.37321974613089
988,1.8240005587940686,0.49080675687549885,333,67,115.19722030492495
989,0.06345378905778887,0.4729931680941016,334,66,115.26067409398274
990,0.169264269965538,-0.47299316809410163,333,67,115.42993836394828
991,28.124567645727893,0.4729931680941016,334,66,143.55450600967617
992,1.6412731366173716,0.4549657518811951,335,65,145.19577914629355
993,-0.5925328114277022,-0.454965751881195,334,66,144.60324633486584
994,-0.4879900899469476,-0.47299316809410163,333,67,144.1152562449189
995,-0.02036566596780176,0.4729931680941016,334,66,144.0948905789511
996,-0.12584095026403475,0.4549657518811951,335,65,143.96904962868706
997,0.7464024617184748,0.43671765161226883,336,64,144.71545209040553
998,248528.17129016112,-0.4367176516122688,336,64,144.71545209040553
999,15244.183965036864,-0.4367176516122688,336,64,144.71545209040553
