step,ΔE,ΔS,left-,left+,right-,right+,E
0,-233.96224959899257,-0.04983586122174109,46,46,24,34,-5.3689190535964
1,-0.004092193680747869,-0.16146978082596117,46,46,24,34,-5.3689190535964
2,0.0,0.049835861221741454,45,45,25,35,-5.3689190535964
3,0.0,-0.04983586122174109,46,46,24,34,-5.3689190535964
4,0.0,-0.16146978082596117,47,47,23,33,-5.3689190535964
5,0.0,0.16146978082596147,46,46,24,34,-5.3689190535964
6,0.0,0.049835861221741454,45,45,25,35,-5.3689190535964
7,-0.00012118182694109692,-0.060492425372326665,44,44,26,36,-5.369040235423341
8,-0.03535566801760126,-0.16970309283474322,43,43,27,37,-5.404395903440943
9,405.11030997858717,0.16970309283474347,43,43,27,37,-5.404395903440943
10,0.0,0.16970309283474347,44,44,26,36,-5.404395903440943
11,0.0,-0.16970309283474322,43,43,27,37,-5.404395903440943
12,0.0,-0.27797367539456724,42,42,28,38,-5.404395903440943
13,0.0,-0.38547313414349,42,42,28,38,-5.404395903440943
14,0.0,-0.38547313414349,41,41,29,39,-5.404395903440943
15,0.0,0.38547313414349027,42,42,28,38,-5.404395903440943
16,-0.0031067029492106712,-0.38547313414349,41,41,29,39,-5.407502606390153
17,0.05264733001133948,-0.4923635609262553,40,40,30,40,-5.354855276378814
18,0.0013242019652892623,-0.5988017251327965,39,39,31,41,-5.3535310744135245
19,0.0,-0.7049405020256142,39,39,31,41,-5.3535310744135245
20,0.0007934623661185469,-0.7049405020256142,38,38,32,42,-5.352737612047406
21,-0.015413129693541805,-0.810930216216329,38,38,32,42,-5.352737612047406
22,-0.006724411232511329,-0.810930216216329,38,38,32,42,-5.352737612047406
23,0.0,-0.810930216216329,37,37,33,43,-5.352737612047406
24,0.03535566801760126,0.8109302162163292,38,38,32,42,-5.317381944029805
25,0.9050602452763172,0.7049405020256144,39,39,31,41,-4.4123216987534875
26,-0.03932461105162588,0.5988017251327967,40,40,30,40,-4.451646309805113
27,-0.33555111004906735,-0.5988017251327965,39,39,31,41,-4.787197419854181
28,0.06437064450139474,-0.7049405020256142,39,39,31,41,-4.787197419854181
29,0.0,-0.7049405020256142,39,39,31,41,-4.787197419854181
30,0.06437064450139474,-0.7049405020256142,38,38,32,42,-4.722826775352786
31,0.0,-0.810930216216329,37,37,33,43,-4.722826775352786
32,0.029308310812496075,-0.9169199304070436,37,37,33,43,-4.722826775352786
33,-0.25233681779306494,-0.9169199304070436,37,37,33,43,-4.722826775352786
34,0.33555111004906735,0.8109302162163292,38,38,32,42,-4.387275665303719
35,0.0031067029492106712,0.7049405020256144,39,39,31,41,-4.384168962354508
36,0.0,0.5988017251327967,40,40,30,40,-4.384168962354508
37,0.0,-0.5988017251327965,40,40,30,40,-4.384168962354508
38,0.0,-0.5988017251327965,40,40,30,40,-4.384168962354508
39,0.0,-0.5988017251327965,39,39,31,41,-4.384168962354508
40,-0.01727970680903468,-0.7049405020256142,38,38,32,42,-4.401448669163543
41,0.0,-0.810930216216329,37,37,33,43,-4.401448669163543
42,0.0,0.8109302162163292,38,38,32,42,-4.401448669163543
43,0.0,-0.810930216216329,37,37,33,43,-4.401448669163543
44,0.0,-0.9169199304070436,37,37,33,43,-4.401448669163543
45,1.011295994612368,-0.9169199304070436,36,36,34,44,-3.3901526745511745
46,-0.030301456016204042,0.9169199304070439,37,37,33,43,-3.4204541305673786
47,0.0,0.8109302162163292,38,38,32,42,-3.4204541305673786
48,-0.0011619111979683794,-0.810930216216329,37,37,33,43,-3.421616041765347
49,0.0,0.8109302162163292,38,38,32,42,-3.421616041765347
50,0.0,0.7049405020256144,39,39,31,41,-3.421616041765347
51,0.0,0.5988017251327967,40,40,30,40,-3.421616041765347
52,0.0,-0.5988017251327965,39,39,31,41,-3.421616041765347
53,0.971349703176557,0.5988017251327967,39,39,31,41,-3.421616041765347
54,0.0,-0.7049405020256142,38,38,32,42,-3.421616041765347
55,-0.018209285097313455,-0.810930216216329,38,38,32,42,-3.421616041765347
56,0.03881072648179895,-0.810930216216329,38,38,32,42,-3.421616041765347
57,0.0,0.7049405020256144,39,39,31,41,-3.421616041765347
58,0.0,0.5988017251327967,40,40,30,40,-3.421616041765347
59,0.0,0.49236356092625555,41,41,29,39,-3.421616041765347
60,0.0,-0.4923635609262553,40,40,30,40,-3.421616041765347
61,0.0,0.49236356092625555,41,41,29,39,-3.421616041765347
62,-0.12835003706064185,-0.4923635609262553,40,40,30,40,-3.549966078825989
63,-0.020667081475394866,-0.5988017251327965,40,40,30,40,-3.549966078825989
64,0.0,0.49236356092625555,41,41,29,39,-3.549966078825989
65,0.03030145601618983,-0.4923635609262553,41,41,29,39,-3.549966078825989
66,0.00012118182694109692,0.38547313414349027,42,42,28,38,-3.5498448969990477
67,0.12835003706064185,0.2779736753945676,43,43,27,37,-3.421494859938406
68,0.03030145601618983,-0.27797367539456724,42,42,28,38,-3.391193403922216
69,1.4210854715202004e-14,0.2779736753945676,43,43,27,37,-3.391193403922202
70,-1.4210854715202004e-14,-0.27797367539456724,42,42,28,38,-3.391193403922216
71,0.0,-0.38547313414349,42,42,28,38,-3.391193403922216
72,0.0,-0.38547313414349,41,41,29,39,-3.391193403922216
73,0.0,-0.4923635609262553,41,41,29,39,-3.391193403922216
74,-0.35337930975090615,-0.4923635609262553,40,40,30,40,-3.744572713673122
75,0.0,-0.5988017251327965,39,39,31,41,-3.744572713673122
76,-0.046942741747244554,-0.7049405020256142,38,38,32,42,-3.7915154554203667
77,0.0,-0.810930216216329,38,38,32,42,-3.7915154554203667
78,0.0,0.7049405020256144,39,39,31,41,-3.7915154554203667
79,0.0,0.5988017251327967,40,40,30,40,-3.7915154554203667
80,-0.1589960419985772,0.49236356092625555,41,41,29,39,-3.950511497418944
81,0.0,-0.4923635609262553,41,41,29,39,-3.950511497418944
82,-0.0002248851454709211,0.38547313414349027,42,42,28,38,-3.950736382564415
83,-0.026591334495961405,-0.38547313414349,41,41,29,39,-3.9773277170603762
84,0.03932461105164009,-0.4923635609262553,40,40,30,40,-3.938003106008736
85,0.0,-0.5988017251327965,40,40,30,40,-3.938003106008736
86,0.0,-0.5988017251327965,39,39,31,41,-3.938003106008736
87,0.0,-0.7049405020256142,38,38,32,42,-3.938003106008736
88,-0.04990963800183579,-0.810930216216329,37,37,33,43,-3.987912744010572
89,0.008545230220718736,0.8109302162163292,38,38,32,42,-3.979367513789853
90,0.0,0.7049405020256144,39,39,31,41,-3.979367513789853
91,-0.10789699756031723,-0.7049405020256142,39,39,31,41,-3.979367513789853
92,0.0,-0.7049405020256142,39,39,31,41,-3.979367513789853
93,0.046942741747244554,0.5988017251327967,40,40,30,40,-3.9324247720426087
94,-0.11217588974788839,0.49236356092625555,41,41,29,39,-4.044600661790497
95,0.15536078508770856,-0.4923635609262553,41,41,29,39,-4.044600661790497
96,0.0,0.38547313414349027,42,42,28,38,-4.044600661790497
97,-0.0003364525317834932,-0.38547313414349,42,42,28,38,-4.044600661790497
98,0.0,0.2779736753945676,43,43,27,37,-4.044600661790497
99,0.0,-0.27797367539456724,42,42,28,38,-4.044600661790497
100,0.0,0.2779736753945676,43,43,27,37,-4.044600661790497
101,-0.891653688326528,-0.27797367539456724,42,42,28,38,-4.936254350117025
102,0.0,-0.38547313414349,41,41,29,39,-4.936254350117025
103,0.0,0.38547313414349027,42,42,28,38,-4.936254350117025
104,0.0,0.2779736753945676,43,43,27,37,-4.936254350117025
105,0.01727970680903468,0.16970309283474347,44,44,26,36,-4.91897464330799
106,-0.40802273794864163,-0.16970309283474322,43,43,27,37,-5.326997381256632
107,-0.0005635248984390273,-0.27797367539456724,42,42,28,38,-5.327560906155071
108,0.891653688326528,0.2779736753945676,43,43,27,37,-4.435907217828543
109,0.0,-0.27797367539456724,42,42,28,38,-4.435907217828543
110,0.0,0.2779736753945676,43,43,27,37,-4.435907217828543
111,0.43787395970070975,0.16970309283474347,44,44,26,36,-3.9980332581278333
112,0.0,0.06049242537232709,45,45,25,35,-3.9980332581278333
113,-0.028921527118029644,-0.04983586122174109,46,46,24,34,-4.026954785245863
114,0.0,0.049835861221741454,45,45,25,35,-4.026954785245863
115,0.7764069230280626,-0.04983586122174109,45,45,25,35,-4.026954785245863
116,0.09539289195092238,-0.060492425372326665,44,44,26,36,-3.9315618932949405
117,0.011874371539633444,-0.16970309283474322,43,43,27,37,-3.919687521755307
118,-0.0016016913205447736,-0.27797367539456724,42,42,28,38,-3.921289213075852
119,0.0,-0.38547313414349,42,42,28,38,-3.921289213075852
120,0.04990963800183579,0.2779736753945676,43,43,27,37,-3.871379575074016
121,-0.01976249756597781,0.16970309283474347,44,44,26,36,-3.891142072639994
122,0.3494591332873398,0.06049242537232709,45,45,25,35,-3.541682939352654
123,0.0,-0.04983586122174109,46,46,24,34,-3.541682939352654
124,-0.0703254933554689,-0.16146978082596117,47,47,23,33,-3.612008432708123
125,0.9495756977774192,-0.2746099908844278,48,48,22,32,-2.6624327349307038
126,-0.05540294207460761,0.27460999088442806,47,47,23,33,-2.7178356770053114
127,0.0,0.16146978082596147,46,46,24,34,-2.7178356770053114
128,2.842170943040401e-14,-0.16146978082596117,47,47,23,33,-2.717835677005283
129,0.0,0.16146978082596147,46,46,24,34,-2.717835677005283
130,0.0,-0.16146978082596117,47,47,23,33,-2.717835677005283
131,-0.09931704233913763,0.16146978082596147,46,46,24,34,-2.8171527193444206
132,0.1589960419985772,0.049835861221741454,45,45,25,35,-2.6581566773458434
133,-0.002105249961005029,-0.060492425372326665,44,44,26,36,-2.6602619273068484
134,0.0,-0.16970309283474322,43,43,27,37,-2.6602619273068484
135,0.0,0.16970309283474347,44,44,26,36,-2.6602619273068484
136,0.0,-0.16970309283474322,43,43,27,37,-2.6602619273068484
137,0.0,-0.27797367539456724,42,42,28,38,-2.6602619273068484
138,0.0,-0.38547313414349,42,42,28,38,-2.6602619273068484
139,0.0,0.2779736753945676,43,43,27,37,-2.6602619273068484
140,-0.009098452812381197,-0.27797367539456724,42,42,28,38,-2.6693603801192296
141,0.0,0.2779736753945676,43,43,27,37,-2.6693603801192296
142,-0.08781565347069886,-0.27797367539456724,42,42,28,38,-2.7571760335899285
143,-0.42209721775481057,0.2779736753945676,43,43,27,37,-3.179273251344739
144,0.02259091889436604,0.16970309283474347,44,44,26,36,-3.156682332450373
145,1.4210854715202004e-14,0.06049242537232709,45,45,25,35,-3.156682332450359
146,0.05540294207457919,-0.04983586122174109,46,46,24,34,-3.1012793903757796
147,0.0,-0.16146978082596117,47,47,23,33,-3.1012793903757796
148,0.0,0.16146978082596147,46,46,24,34,-3.1012793903757796
149,10.997176427522675,0.049835861221741454,46,46,24,34,-3.1012793903757796
150,0.0049086262573041495,-0.16146978082596117,47,47,23,33,-3.0963707641184754
151,0.6101638055930607,0.16146978082596147,46,46,24,34,-2.4862069585254147
152,0.009098452812381197,-0.16146978082596117,47,47,23,33,-2.4771085057130335
153,0.08456845003033209,-0.2746099908844278,48,48,22,32,-2.3925400556827014
154,0.0,0.27460999088442806,47,47,23,33,-2.3925400556827014
155,0.971349703176557,-0.2746099908844278,47,47,23,33,-2.3925400556827014
156,0.01976249756597781,0.16146978082596147,46,46,24,34,-2.3727775581167236
157,0.07819252385029074,0.049835861221741454,45,45,25,35,-2.294585034266433
158,-0.00944159332148331,-0.04983586122174109,46,46,24,34,-2.304026627587916
159,0.0,0.049835861221741454,45,45,25,35,-2.304026627587916
160,0.07672612344474317,-0.04983586122174109,46,46,24,34,-2.227300504143173
161,0.0,0.049835861221741454,45,45,25,35,-2.227300504143173
162,-2.842170943040401e-14,-0.04983586122174109,46,46,24,34,-2.2273005041432015
163,0.0,0.049835861221741454,45,45,25,35,-2.2273005041432015
164,0.0,-0.04983586122174109,46,46,24,34,-2.2273005041432015
165,0.0,-0.16146978082596117,46,46,24,34,-2.2273005041432015
166,0.003247203440366775,0.049835861221741454,45,45,25,35,-2.2240533007028347
167,0.01154684328250255,-0.060492425372326665,44,44,26,36,-2.212506457420332
168,0.0,0.06049242537232709,45,45,25,35,-2.212506457420332
169,0.0,-0.04983586122174109,46,46,24,34,-2.212506457420332
170,0.42209721775481057,0.049835861221741454,45,45,25,35,-1.7904092396655216
171,0.0,-0.04983586122174109,46,46,24,34,-1.7904092396655216
172,0.0,0.049835861221741454,45,45,25,35,-1.7904092396655216
173,-1.4210854715202004e-14,-0.060492425372326665,44,44,26,36,-1.7904092396655358
174,-0.014647321228906662,0.06049242537232709,45,45,25,35,-1.8050565608944424
175,1.4210854715202004e-14,-0.060492425372326665,44,44,26,36,-1.8050565608944282
176,-1.4210854715202004e-14,0.06049242537232709,45,45,25,35,-1.8050565608944424
177,0.0,-0.060492425372326665,44,44,26,36,-1.8050565608944424
178,0.9701369001986819,0.06049242537232709,44,44,26,36,-1.8050565608944424
179,0.0,0.06049242537232709,45,45,25,35,-1.8050565608944424
180,-0.0840246023735034,-0.060492425372326665,44,44,26,36,-1.8890811632679458
181,0.005184394217636168,0.06049242537232709,45,45,25,35,-1.8838967690503097
182,0.0,-0.04983586122174109,46,46,24,34,-1.8838967690503097
183,0.0,0.049835861221741454,45,45,25,35,-1.8838967690503097
184,1.4210854715202004e-14,-0.060492425372326665,44,44,26,36,-1.8838967690502955
185,-1.4210854715202004e-14,0.06049242537232709,45,45,25,35,-1.8838967690503097
186,0.0,-0.04983586122174109,46,46,24,34,-1.8838967690503097
187,-0.08353770353535594,0.049835861221741454,45,45,25,35,-1.9674344725856656
188,0.6213783242808404,-0.04983586122174109,45,45,25,35,-1.9674344725856656
189,1.4210854715202004e-14,-0.060492425372326665,44,44,26,36,-1.9674344725856514
190,0.0,-0.16970309283474322,43,43,27,37,-1.9674344725856514
191,0.0,-0.27797367539456724,42,42,28,38,-1.9674344725856514
192,-0.0359641381461131,-0.38547313414349,41,41,29,39,-2.0033986107317645
193,-0.02578767243450386,-0.4923635609262553,40,40,30,40,-2.0291862831662684
194,0.027389363755062845,0.49236356092625555,41,41,29,39,-2.0017969194112055
195,-0.10177850212697592,0.38547313414349027,42,42,28,38,-2.1035754215381814
196,1.4210854715202004e-14,0.2779736753945676,43,43,27,37,-2.1035754215381672
197,0.0840246023735034,0.16970309283474347,44,44,26,36,-2.019550819164664
198,0.9713497031765712,0.06049242537232709,45,45,25,35,-1.0482011159880926
199,0.0,-0.04983586122174109,46,46,24,34,-1.0482011159880926
200,-0.04132339018241282,-0.16146978082596117,47,47,23,33,-1.0895245061705054
201,0.0,0.16146978082596147,46,46,24,34,-1.0895245061705054
202,-0.4925937126748323,0.049835861221741454,45,45,25,35,-1.5821182188453378
203,-0.03781736160431137,-0.060492425372326665,44,44,26,36,-1.6199355804496491
204,-0.3150283122773203,0.06049242537232709,45,45,25,35,-1.9349638927269694
205,0.04614321192654813,-0.04983586122174109,45,45,25,35,-1.9349638927269694
206,-0.1996184008024784,-0.04983586122174109,46,46,24,34,-2.134582293529448
207,0.0,-0.16146978082596117,47,47,23,33,-2.134582293529448
208,0.10177850212696171,0.16146978082596147,46,46,24,34,-2.032803791402486
209,0.48948063239178907,-0.16146978082596117,46,46,24,34,-2.032803791402486
210,-0.011061800401961364,-0.16146978082596117,47,47,23,33,-2.0438655918044475
211,0.0,-0.2746099908844278,48,48,22,32,-2.0438655918044475
212,0.1987291038197867,0.27460999088442806,47,47,23,33,-1.8451364879846608
213,0.771222528810398,-0.2746099908844278,47,47,23,33,-1.8451364879846608
214,0.0,-0.2746099908844278,48,48,22,32,-1.8451364879846608
215,0.0152108461273599,0.27460999088442806,47,47,23,33,-1.8299256418573009
216,0.3528456738816317,0.16146978082596147,46,46,24,34,-1.4770799679756692
217,0.0,-0.16146978082596117,46,46,24,34,-1.4770799679756692
218,0.0,0.049835861221741454,45,45,25,35,-1.4770799679756692
219,0.48948063239178907,-0.04983586122174109,46,46,24,34,-0.9875993355838801
220,0.0,0.049835861221741454,45,45,25,35,-0.9875993355838801
221,0.0,-0.060492425372326665,44,44,26,36,-0.9875993355838801
222,0.0,0.06049242537232709,45,45,25,35,-0.9875993355838801
223,0.0,-0.04983586122174109,46,46,24,34,-0.9875993355838801
224,0.0,-0.16146978082596117,46,46,24,34,-0.9875993355838801
225,0.0,0.049835861221741454,45,45,25,35,-0.9875993355838801
226,0.0,-0.060492425372326665,44,44,26,36,-0.9875993355838801
227,0.0,0.06049242537232709,45,45,25,35,-0.9875993355838801
228,0.0,-0.04983586122174109,46,46,24,34,-0.9875993355838801
229,0.0008892969826916897,-0.16146978082596117,47,47,23,33,-0.9867100386011884
230,-0.0007765058920199408,-0.2746099908844278,48,48,22,32,-0.9874865444932084
231,0.0,0.27460999088442806,47,47,23,33,-0.9874865444932084
232,0.0,0.16146978082596147,46,46,24,34,-0.9874865444932084
233,0.0,-0.16146978082596117,47,47,23,33,-0.9874865444932084
234,-0.00030745867317705233,-0.2746099908844278,48,48,22,32,-0.9877940031663854
235,0.0,0.27460999088442806,47,47,23,33,-0.9877940031663854
236,-0.0370925228195631,-0.2746099908844278,47,47,23,33,-0.9877940031663854
237,0.0,0.16146978082596147,46,46,24,34,-0.9877940031663854
238,0.0,-0.16146978082596117,47,47,23,33,-0.9877940031663854
239,-0.6720842181245956,0.16146978082596147,46,46,24,34,-1.659878221290981
240,-0.05809509699193427,-0.16146978082596117,47,47,23,33,-1.7179733182829153
241,0.0003074586731486306,0.16146978082596147,46,46,24,34,-1.7176658596097667
242,0.0,0.049835861221741454,45,45,25,35,-1.7176658596097667
243,0.05809509699196269,-0.060492425372326665,44,44,26,36,-1.659570762617804
244,0.0007765058920199408,-0.16970309283474322,43,43,27,37,-1.658794256725784
245,0.0,0.16970309283474347,44,44,26,36,-1.658794256725784
246,0.0,-0.16970309283474322,44,44,26,36,-1.658794256725784
247,-0.027116349163065934,0.06049242537232709,45,45,25,35,-1.68591060588885
248,0.0,-0.04983586122174109,46,46,24,34,-1.68591060588885
249,0.030083438316012234,0.049835861221741454,45,45,25,35,-1.6558271675728378
250,0.0,-0.04983586122174109,45,45,25,35,-1.6558271675728378
251,0.0,-0.060492425372326665,44,44,26,36,-1.6558271675728378
252,0.0,-0.16970309283474322,43,43,27,37,-1.6558271675728378
253,-0.20254725102131488,0.16970309283474347,44,44,26,36,-1.8583744185941526
254,0.0,0.06049242537232709,45,45,25,35,-1.8583744185941526
255,-0.7419945798993695,-0.04983586122174109,46,46,24,34,-2.600368998493522
256,-0.05646639421931354,0.049835861221741454,45,45,25,35,-2.6568353927128356
257,0.0,-0.060492425372326665,44,44,26,36,-2.6568353927128356
258,625.950002276687,0.06049242537232709,44,44,26,36,-2.6568353927128356
259,0.0,0.06049242537232709,45,45,25,35,-2.6568353927128356
260,0.0,-0.060492425372326665,44,44,26,36,-2.6568353927128356
261,-0.00636104000358273,0.06049242537232709,45,45,25,35,-2.6631964327164184
262,0.0,-0.04983586122174109,46,46,24,34,-2.6631964327164184
263,0.0,0.049835861221741454,45,45,25,35,-2.6631964327164184
264,0.0,-0.060492425372326665,44,44,26,36,-2.6631964327164184
265,0.0,0.06049242537232709,45,45,25,35,-2.6631964327164184
266,-0.0061364399051768714,-0.060492425372326665,44,44,26,36,-2.6693328726215952
267,0.08642860115443796,-0.16970309283474322,44,44,26,36,-2.6693328726215952
268,0.6720842181245956,0.06049242537232709,44,44,26,36,-2.6693328726215952
269,0.0,-0.16970309283474322,43,43,27,37,-2.6693328726215952
270,-0.004181655698843656,-0.27797367539456724,42,42,28,38,-2.673514528320439
271,0.0,-0.38547313414349,42,42,28,38,-2.673514528320439
272,-0.49125568597629865,-0.38547313414349,41,41,29,39,-3.1647702142967375
273,0.0,-0.4923635609262553,41,41,29,39,-3.1647702142967375
274,0.0,0.38547313414349027,42,42,28,38,-3.1647702142967375
275,0.08486338858321574,-0.38547313414349,42,42,28,38,-3.1647702142967375
276,0.05646639421931354,0.2779736753945676,43,43,27,37,-3.108303820077424
277,0.0,-0.27797367539456724,42,42,28,38,-3.108303820077424
278,0.0,0.2779736753945676,43,43,27,37,-3.108303820077424
279,0.8232054456985907,0.16970309283474347,44,44,26,36,-2.2850983743788333
280,0.010995850011838115,-0.16970309283474322,43,43,27,37,-2.2741025243669952
281,0.0,0.16970309283474347,44,44,26,36,-2.2741025243669952
282,-0.1557988633338141,-0.16970309283474322,43,43,27,37,-2.4299013877008093
283,0.0,0.16970309283474347,44,44,26,36,-2.4299013877008093
284,-0.0010302322441191336,-0.16970309283474322,43,43,27,37,-2.4309316199449285
285,0.0,-0.27797367539456724,42,42,28,38,-2.4309316199449285
286,0.0,0.2779736753945676,43,43,27,37,-2.4309316199449285
287,-0.05417159839599606,-0.27797367539456724,42,42,28,38,-2.4851032183409245
288,0.6720842181245956,0.2779736753945676,42,42,28,38,-2.4851032183409245
289,0.08642860115443796,-0.38547313414349,41,41,29,39,-2.3986746171864866
290,0.0,0.38547313414349027,42,42,28,38,-2.3986746171864866
291,0.0,-0.38547313414349,42,42,28,38,-2.3986746171864866
292,0.0,-0.38547313414349,41,41,29,39,-2.3986746171864866
293,0.0,-0.4923635609262553,41,41,29,39,-2.3986746171864866
294,0.0,-0.4923635609262553,40,40,30,40,-2.3986746171864866
295,-0.1548353983436641,0.49236356092625555,41,41,29,39,-2.5535100155301507
296,0.0,0.38547313414349027,42,42,28,38,-2.5535100155301507
297,0.0,0.2779736753945676,43,43,27,37,-2.5535100155301507
298,-0.003651425005756437,-0.27797367539456724,42,42,28,38,-2.557161440535907
299,0.015835445337245346,0.2779736753945676,43,43,27,37,-2.5413259951986618
300,0.0,0.16970309283474347,44,44,26,36,-2.5413259951986618
301,0.0,-0.16970309283474322,43,43,27,37,-2.5413259951986618
302,0.4663891182511719,0.16970309283474347,43,43,27,37,-2.5413259951986618
303,0.0,-0.27797367539456724,42,42,28,38,-2.5413259951986618
304,-0.006728905993995227,-0.38547313414349,41,41,29,39,-2.548054901192657
305,0.0,0.38547313414349027,42,42,28,38,-2.548054901192657
306,0.0,-0.38547313414349,41,41,29,39,-2.548054901192657
307,0.0,-0.4923635609262553,41,41,29,39,-2.548054901192657
308,0.6720842181245956,0.38547313414349027,42,42,28,38,-1.8759706830680614
309,0.0,-0.38547313414349,42,42,28,38,-1.8759706830680614
310,0.0,-0.38547313414349,41,41,29,39,-1.8759706830680614
311,0.004181655698843656,0.38547313414349027,42,42,28,38,-1.8717890273692177
312,0.0,0.2779736753945676,43,43,27,37,-1.8717890273692177
313,0.0,-0.27797367539456724,42,42,28,38,-1.8717890273692177
314,-1.4210854715202004e-14,0.2779736753945676,43,43,27,37,-1.871789027369232
315,-0.0027940489819400227,-0.27797367539456724,42,42,28,38,-1.874583076351172
316,0.7273558312655979,-0.38547313414349,41,41,29,39,-1.147227245085574
317,-0.0002902368994313065,-0.4923635609262553,40,40,30,40,-1.1475174819850054
318,0.028002579619396784,0.49236356092625555,41,41,29,39,-1.1195149023656086
319,0.0,-0.4923635609262553,40,40,30,40,-1.1195149023656086
320,-0.7243443908454594,-0.5988017251327965,39,39,31,41,-1.843859293211068
321,0.00029023689944551734,0.5988017251327967,40,40,30,40,-1.8435690563116225
322,0.0,0.49236356092625555,41,41,29,39,-1.8435690563116225
323,-0.043500280415088355,-0.4923635609262553,40,40,30,40,-1.8870693367267108
324,0.011061800401947153,-0.5988017251327965,40,40,30,40,-1.8870693367267108
325,0.5915430817940006,0.49236356092625555,41,41,29,39,-1.2955262549327102
326,0.0,-0.4923635609262553,41,41,29,39,-1.2955262549327102
327,-0.050941838438845366,-0.4923635609262553,40,40,30,40,-1.3464680933715556
328,0.0,0.49236356092625555,41,41,29,39,-1.3464680933715556
329,-0.032191702535072864,0.38547313414349027,42,42,28,38,-1.3786597959066285
330,0.0010302322441191336,0.2779736753945676,43,43,27,37,-1.3776295636625093
331,-0.5026072028291537,0.16970309283474347,44,44,26,36,-1.880236766491663
332,0.20898074011260803,0.06049242537232709,45,45,25,35,-1.671256026379055
333,0.0,-0.04983586122174109,46,46,24,34,-1.671256026379055
334,0.0,-0.16146978082596117,47,47,23,33,-1.671256026379055
335,-0.000126424254276003,0.16146978082596147,46,46,24,34,-1.671382450633331
336,0.0,-0.16146978082596117,47,47,23,33,-1.671382450633331
337,-0.05393047784987459,0.16146978082596147,46,46,24,34,-1.7253129284832056
338,0.11106523032557902,0.049835861221741454,45,45,25,35,-1.6142476981576266
339,2.842170943040401e-14,-0.060492425372326665,44,44,26,36,-1.6142476981575982
340,0.0,-0.16970309283474322,44,44,26,36,-1.6142476981575982
341,0.0,-0.16970309283474322,43,43,27,37,-1.6142476981575982
342,0.13280130905145882,-0.27797367539456724,42,42,28,38,-1.4814463891061393
343,-0.09709541640303598,0.2779736753945676,43,43,27,37,-1.5785418055091753
344,0.13746818138520212,0.16970309283474347,44,44,26,36,-1.4410736241239732
345,1.4210854715202004e-14,-0.16970309283474322,43,43,27,37,-1.441073624123959
346,0.0,-0.27797367539456724,42,42,28,38,-1.441073624123959
347,0.0,-0.38547313414349,41,41,29,39,-1.441073624123959
348,0.000126424254276003,0.38547313414349027,42,42,28,38,-1.440947199869683
349,0.0023249605512063454,-0.38547313414349,41,41,29,39,-1.4386222393184767
350,0.03584312754084351,-0.4923635609262553,40,40,30,40,-1.4027791117776331
351,0.0,0.49236356092625555,41,41,29,39,-1.4027791117776331
352,0.51253233017772,0.38547313414349027,42,42,28,38,-0.8902467815999131
353,0.0,-0.38547313414349,42,42,28,38,-0.8902467815999131
354,-0.012366979479878637,0.2779736753945676,43,43,27,37,-0.9026137610797917
355,0.011061800401947153,-0.27797367539456724,42,42,28,38,-0.8915519606778446
356,0.050941838438845366,0.2779736753945676,43,43,27,37,-0.8406101222389992
357,0.5026072028291253,-0.27797367539456724,43,43,27,37,-0.8406101222389992
358,-0.011930765864505588,-0.27797367539456724,42,42,28,38,-0.8525408881035048
359,0.0,0.2779736753945676,43,43,27,37,-0.8525408881035048
360,0.1548353983436641,-0.27797367539456724,43,43,27,37,-0.8525408881035048
361,-0.05707289108237035,-0.27797367539456724,42,42,28,38,-0.9096137791858752
362,-0.08915872005637482,-0.38547313414349,42,42,28,38,-0.9096137791858752
363,0.0,-0.38547313414349,41,41,29,39,-0.9096137791858752
364,0.0,-0.4923635609262553,40,40,30,40,-0.9096137791858752
365,0.006728905993995227,0.49236356092625555,41,41,29,39,-0.9028848731918799
366,0.0,-0.4923635609262553,40,40,30,40,-0.9028848731918799
367,0.0,-0.5988017251327965,40,40,30,40,-0.9028848731918799
368,-0.008088905650325273,0.49236356092625555,41,41,29,39,-0.9109737788422052
369,-0.3424157011573925,0.38547313414349027,42,42,28,38,-1.2533894799995977
370,0.0,-0.38547313414349,41,41,29,39,-1.2533894799995977
371,0.0,-0.4923635609262553,40,40,30,40,-1.2533894799995977
372,0.0,0.49236356092625555,41,41,29,39,-1.2533894799995977
373,-0.03134931177638123,-0.4923635609262553,40,40,30,40,-1.284738791775979
374,-0.9629235427886016,-0.5988017251327965,39,39,31,41,-2.2476623345645805
375,0.0,-0.7049405020256142,38,38,32,42,-2.2476623345645805
376,0.057072891082356136,0.7049405020256144,39,39,31,41,-2.1905894434822244
377,0.9625154190689926,0.5988017251327967,39,39,31,41,-2.1905894434822244
378,0.0,-0.7049405020256142,38,38,32,42,-2.1905894434822244
379,0.0,0.7049405020256144,39,39,31,41,-2.1905894434822244
380,0.0,-0.7049405020256142,38,38,32,42,-2.1905894434822244
381,0.04855369995637204,0.7049405020256144,39,39,31,41,-2.1420357435258524
382,-0.008542792249798481,-0.7049405020256142,39,39,31,41,-2.1420357435258524
383,0.0,0.5988017251327967,40,40,30,40,-2.1420357435258524
384,0.9629235427886158,0.49236356092625555,40,40,30,40,-2.1420357435258524
385,0.1548353983436499,-0.5988017251327965,40,40,30,40,-2.1420357435258524
386,-0.8317767847003665,-0.5988017251327965,39,39,31,41,-2.973812528226219
387,0.5026072028291253,-0.7049405020256142,38,38,32,42,-2.4712053253970936
388,0.0,0.7049405020256144,39,39,31,41,-2.4712053253970936
389,0.01162863754080945,0.5988017251327967,40,40,30,40,-2.459576687856284
390,0.0,-0.5988017251327965,40,40,30,40,-2.459576687856284
391,0.0,-0.5988017251327965,39,39,31,41,-2.459576687856284
392,0.0,0.5988017251327967,40,40,30,40,-2.459576687856284
393,0.0,0.49236356092625555,41,41,29,39,-2.459576687856284
394,-1.4210854715202004e-14,0.38547313414349027,42,42,28,38,-2.4595766878562983
395,-0.18208473279180737,-0.38547313414349,41,41,29,39,-2.6416614206481057
396,0.003010111092947909,-0.4923635609262553,41,41,29,39,-2.6416614206481057
397,-1.4210854715202004e-14,0.38547313414349027,42,42,28,38,-2.64166142064812
398,-0.0034676010159273574,-0.38547313414349,42,42,28,38,-2.64166142064812
399,-0.6287895681629436,-0.38547313414349,41,41,29,39,-3.2704509888110636
400,-0.030757399938309504,-0.4923635609262553,40,40,30,40,-3.301208388749373
401,0.0,0.49236356092625555,41,41,29,39,-3.301208388749373
402,-1.4210854715202004e-14,0.38547313414349027,42,42,28,38,-3.3012083887493873
403,0.0,-0.38547313414349,41,41,29,39,-3.3012083887493873
404,0.0,0.38547313414349027,42,42,28,38,-3.3012083887493873
405,0.0004081237196373877,0.2779736753945676,43,43,27,37,-3.30080026502975
406,0.0009897216172021217,0.16970309283474347,44,44,26,36,-3.2998105434125478
407,0.09988946538499022,-0.16970309283474322,43,43,27,37,-3.1999210780275575
408,190324.7221327803,0.16970309283474347,43,43,27,37,-3.1999210780275575
409,0.0,0.16970309283474347,44,44,26,36,-3.1999210780275575
410,0.3424157011573925,-0.16970309283474322,44,44,26,36,-3.1999210780275575
411,0.9625154190689784,0.06049242537232709,44,44,26,36,-3.1999210780275575
412,0.0,-0.16970309283474322,43,43,27,37,-3.1999210780275575
413,-0.0006303308558130993,0.16970309283474347,44,44,26,36,-3.2005514088833706
414,0.0,0.06049242537232709,45,45,25,35,-3.2005514088833706
415,0.003010111092947909,-0.060492425372326665,44,44,26,36,-3.1975412977904227
416,-0.015385197739220757,-0.16970309283474322,44,44,26,36,-3.1975412977904227
417,-0.0004252955645824841,-0.16970309283474322,43,43,27,37,-3.197966593355005
418,0.0004252955645824841,0.16970309283474347,44,44,26,36,-3.1975412977904227
419,0.3424157011573925,-0.16970309283474322,44,44,26,36,-3.1975412977904227
420,-0.0072137248437087464,-0.16970309283474322,43,43,27,37,-3.2047550226341315
421,0.0,-0.27797367539456724,42,42,28,38,-3.2047550226341315
422,2.842170943040401e-14,-0.38547313414349,42,42,28,38,-3.2047550226341315
423,1.4210854715202004e-14,-0.38547313414349,42,42,28,38,-3.2047550226341315
424,0.0,0.2779736753945676,43,43,27,37,-3.2047550226341315
425,0.9697291439126872,0.16970309283474347,43,43,27,37,-3.2047550226341315
426,4.263256414560601e-14,-0.27797367539456724,43,43,27,37,-3.2047550226341315
427,-0.06683852941119994,-0.27797367539456724,42,42,28,38,-3.2715935520453314
428,4.263256414560601e-14,-0.38547313414349,41,41,29,39,-3.271593552045289
429,0.0,-0.4923635609262553,40,40,30,40,-3.271593552045289
430,-0.012910183117540441,0.49236356092625555,41,41,29,39,-3.2845037351628292
431,-0.3802290288428338,-0.4923635609262553,41,41,29,39,-3.2845037351628292
432,0.030757399938323715,0.38547313414349027,42,42,28,38,-3.2537463352245055
433,0.0,-0.38547313414349,41,41,29,39,-3.2537463352245055
434,-0.011147267003082106,-0.4923635609262553,40,40,30,40,-3.2648936022275876
435,0.0,0.49236356092625555,41,41,29,39,-3.2648936022275876
436,-2.842170943040401e-14,0.38547313414349027,42,42,28,38,-3.264893602227616
437,0.9625154190689784,0.2779736753945676,43,43,27,37,-2.3023781831586376
438,-0.022882568650118174,0.16970309283474347,44,44,26,36,-2.325260751808756
439,-1.4210854715202004e-14,0.06049242537232709,45,45,25,35,-2.32526075180877
440,0.0,-0.04983586122174109,46,46,24,34,-2.32526075180877
441,0.6083824342246515,-0.16146978082596117,47,47,23,33,-1.7168783175841185
442,0.863126096476762,-0.2746099908844278,48,48,22,32,-0.8537522211073565
443,-0.47868128323936787,-0.38947228084122926,49,49,21,31,-1.3324335043467244
444,0.0,0.3894722808412297,48,48,22,32,-1.3324335043467244
445,0.0,0.27460999088442806,47,47,23,33,-1.3324335043467244
446,0.3929857678638058,0.16146978082596147,46,46,24,34,-0.9394477364829186
447,0.020407133938306288,0.049835861221741454,45,45,25,35,-0.9190406025446123
448,0.0,-0.04983586122174109,46,46,24,34,-0.9190406025446123
449,0.012910183117554652,0.049835861221741454,45,45,25,35,-0.9061304194270576
450,0.30103405115190185,-0.060492425372326665,44,44,26,36,-0.6050963682751558
451,-0.16376064261129386,0.06049242537232709,45,45,25,35,-0.7688570108864496
452,0.0,-0.04983586122174109,46,46,24,34,-0.7688570108864496
453,0.0,-0.16146978082596117,47,47,23,33,-0.7688570108864496
454,-0.0013822289242000352,-0.2746099908844278,48,48,22,32,-0.7702392398106497
455,0.1548353983436357,0.27460999088442806,47,47,23,33,-0.615403841467014
456,-0.04763172374563851,0.16146978082596147,46,46,24,34,-0.6630355652126525
457,0.0,0.049835861221741454,45,45,25,35,-0.6630355652126525
458,0.0,-0.04983586122174109,45,45,25,35,-0.6630355652126525
459,0.0,-0.060492425372326665,44,44,26,36,-0.6630355652126525
460,0.0,-0.16970309283474322,43,43,27,37,-0.6630355652126525
461,0.0,-0.27797367539456724,42,42,28,38,-0.6630355652126525
462,0.0,0.2779736753945676,43,43,27,37,-0.6630355652126525
463,0.0,-0.27797367539456724,43,43,27,37,-0.6630355652126525
464,0.0,0.16970309283474347,44,44,26,36,-0.6630355652126525
465,0.0,0.06049242537232709,45,45,25,35,-0.6630355652126525
466,-0.0024748530151441628,-0.04983586122174109,46,46,24,34,-0.6655104182277967
467,0.13966720080493644,-0.16146978082596117,47,47,23,33,-0.5258432174228602
468,0.0,-0.2746099908844278,48,48,22,32,-0.5258432174228602
469,0.0,-0.38947228084122926,49,49,21,31,-0.5258432174228602
470,0.0,-0.5062904686005989,50,50,20,30,-0.5258432174228602
471,0.0,-0.6253198103704287,51,51,19,29,-0.5258432174228602
472,0.04368924620669645,-0.7468410585367298,51,51,19,29,-0.5258432174228602
473,0.009585454299312346,0.6253198103704289,50,50,20,30,-0.5162577631235479
474,-0.026869054608283705,-0.6253198103704287,51,51,19,29,-0.5431268177318316
475,-0.2298052755392206,0.6253198103704289,50,50,20,30,-0.7729320932710522
476,0.27349452174591704,-0.6253198103704287,51,51,19,29,-0.4994375715251351
477,0.018921434764209266,-0.7468410585367298,51,51,19,29,-0.4994375715251351
478,0.0,0.6253198103704289,50,50,20,30,-0.4994375715251351
479,0.011147267003067896,-0.6253198103704287,51,51,19,29,-0.48829030452206723
480,0.0,-0.7468410585367298,52,52,18,28,-0.48829030452206723
481,0.0,0.74684105853673,51,51,19,29,-0.48829030452206723
482,0.0,-0.7468410585367298,52,52,18,28,-0.48829030452206723
483,-0.02944391191007867,-0.8711653417938466,52,52,18,28,-0.48829030452206723
484,0.0,-0.8711653417938466,52,52,18,28,-0.48829030452206723
485,-0.1017208856819849,0.74684105853673,51,51,19,29,-0.5900111902040521
486,83.5014195225155,0.6253198103704289,51,51,19,29,-0.5900111902040521
487,0.0,0.6253198103704289,50,50,20,30,-0.5900111902040521
488,0.0,0.5062904686005995,49,49,21,31,-0.5900111902040521
489,-0.00023514195657980963,0.3894722808412297,48,48,22,32,-0.5902463321606319
490,0.0,-0.38947228084122926,48,48,22,32,-0.5902463321606319
491,0.002668000996592923,-0.38947228084122926,48,48,22,32,-0.5902463321606319
492,-0.08044024815936268,-0.38947228084122926,49,49,21,31,-0.6706865803199946
493,0.0,0.3894722808412297,48,48,22,32,-0.6706865803199946
494,0.0,0.27460999088442806,47,47,23,33,-0.6706865803199946
495,-0.3175010501698665,0.16146978082596147,46,46,24,34,-0.9881876304898611
496,0.0,-0.16146978082596117,47,47,23,33,-0.9881876304898611
497,0.0,0.16146978082596147,46,46,24,34,-0.9881876304898611
498,0.0,0.049835861221741454,45,45,25,35,-0.9881876304898611
499,-0.28452703484084907,-0.060492425372326665,44,44,26,36,-1.2727146653307102
0,0.6216224145852749,-0.16970309283474322,44,44,26,36,-1.2727146653307102
1,0.6216224145852749,-0.16970309283474322,43,43,27,37,-0.6510922507454353
2,0.0,-0.27797367539456724,42,42,28,38,-0.6510922507454353
3,0.0,0.2779736753945676,43,43,27,37,-0.6510922507454353
4,0.0,0.16970309283474347,44,44,26,36,-0.6510922507454353
5,-0.023468065310680686,0.06049242537232709,45,45,25,35,-0.674560316056116
6,0.0,-0.060492425372326665,44,44,26,36,-0.674560316056116
7,0.0,-0.16970309283474322,43,43,27,37,-0.674560316056116
8,0.0,0.16970309283474347,44,44,26,36,-0.674560316056116
9,0.0,-0.16970309283474322,43,43,27,37,-0.674560316056116
10,0.02039944398937621,0.16970309283474347,44,44,26,36,-0.6541608720667398
11,-0.015608111877796205,-0.16970309283474322,43,43,27,37,-0.669768983944536
12,0.0,-0.27797367539456724,43,43,27,37,-0.669768983944536
13,0.07362091775985391,0.16970309283474347,44,44,26,36,-0.5961480661846821
14,0.0025385565436835122,-0.16970309283474322,43,43,27,37,-0.5936095096409986
15,0.0,-0.27797367539456724,42,42,28,38,-0.5936095096409986
16,0.0,0.2779736753945676,43,43,27,37,-0.5936095096409986
17,0.0,-0.27797367539456724,43,43,27,37,-0.5936095096409986
18,0.0,0.16970309283474347,44,44,26,36,-0.5936095096409986
19,0.0,-0.16970309283474322,43,43,27,37,-0.5936095096409986
20,0.0,-0.27797367539456724,42,42,28,38,-0.5936095096409986
21,0.0,-0.38547313414349,41,41,29,39,-0.5936095096409986
22,0.26148912198105734,-0.4923635609262553,40,40,30,40,-0.33212038765994123
23,0.0,-0.5988017251327965,40,40,30,40,-0.33212038765994123
24,0.0012971758166031577,0.49236356092625555,41,41,29,39,-0.33082321184333807
25,0.0,0.38547313414349027,42,42,28,38,-0.33082321184333807
26,0.0,-0.38547313414349,42,42,28,38,-0.33082321184333807
27,0.013492979927463011,0.2779736753945676,43,43,27,37,-0.31733023191587506
28,0.0,-0.27797367539456724,42,42,28,38,-0.31733023191587506
29,0.0,0.2779736753945676,43,43,27,37,-0.31733023191587506
30,1.7674767050333742,-0.27797367539456724,43,43,27,37,-0.31733023191587506
31,-0.006212884640277139,0.16970309283474347,44,44,26,36,-0.3235431165561522
32,0.0,-0.16970309283474322,43,43,27,37,-0.3235431165561522
33,0.0,-0.27797367539456724,42,42,28,38,-0.3235431165561522
34,0.0,-0.38547313414349,41,41,29,39,-0.3235431165561522
35,0.0,0.38547313414349027,42,42,28,38,-0.3235431165561522
36,0.0,-0.38547313414349,41,41,29,39,-0.3235431165561522
37,0.0963885622933276,0.38547313414349027,42,42,28,38,-0.2271545542628246
38,0.0,0.2779736753945676,43,43,27,37,-0.2271545542628246
39,-0.0069932635415455024,-0.27797367539456724,43,43,27,37,-0.2271545542628246
40,-0.27301641408199373,-0.27797367539456724,42,42,28,38,-0.5001709683448183
41,-0.11443688766375715,0.2779736753945676,43,43,27,37,-0.6146078560085755
42,-0.03654739755181424,0.16970309283474347,44,44,26,36,-0.6511552535603897
43,-0.002310345293764726,0.06049242537232709,45,45,25,35,-0.6534655988541545
44,0.0,-0.04983586122174109,46,46,24,34,-0.6534655988541545
45,0.0,0.049835861221741454,45,45,25,35,-0.6534655988541545
46,0.0,-0.060492425372326665,44,44,26,36,-0.6534655988541545
47,0.2642613608218056,0.06049242537232709,45,45,25,35,-0.3892042380323488
48,0.0,-0.04983586122174109,46,46,24,34,-0.3892042380323488
49,0.0,-0.16146978082596117,47,47,23,33,-0.3892042380323488
50,-0.02444135932907443,-0.2746099908844278,47,47,23,33,-0.3892042380323488
51,0.0,0.16146978082596147,46,46,24,34,-0.3892042380323488
52,0.0,-0.16146978082596117,47,47,23,33,-0.3892042380323488
53,0.0,-0.2746099908844278,48,48,22,32,-0.3892042380323488
54,-0.3256314659881383,0.27460999088442806,47,47,23,33,-0.7148357040204871
55,0.008755053260188106,0.16146978082596147,46,46,24,34,-0.706080650760299
56,-0.016092474256069522,0.049835861221741454,45,45,25,35,-0.7221731250163685
57,0.00318894482633425,-0.060492425372326665,44,44,26,36,-0.7189841801900343
58,0.0,-0.16970309283474322,43,43,27,37,-0.7189841801900343
59,0.16407957208559765,-0.27797367539456724,42,42,28,38,-0.5549046081044366
60,0.0,-0.38547313414349,41,41,29,39,-0.5549046081044366
61,-0.002290049190122545,-0.4923635609262553,40,40,30,40,-0.5571946572945592
62,0.009789269496522479,-0.5988017251327965,40,40,30,40,-0.5571946572945592
63,0.0,-0.5988017251327965,40,40,30,40,-0.5571946572945592
64,0.0,0.49236356092625555,41,41,29,39,-0.5571946572945592
65,0.0,0.38547313414349027,42,42,28,38,-0.5571946572945592
66,0.3256314659881383,0.2779736753945676,43,43,27,37,-0.2315631913064209
67,0.016092474256069522,0.16970309283474347,44,44,26,36,-0.21547071705035137
68,-0.010657978386092282,-0.16970309283474322,43,43,27,37,-0.22612869543644365
69,0.0,0.16970309283474347,44,44,26,36,-0.22612869543644365
70,0.0,-0.16970309283474322,43,43,27,37,-0.22612869543644365
71,-0.012824066637577403,-0.27797367539456724,42,42,28,38,-0.23895276207402105
72,-0.09122861349040079,-0.38547313414349,41,41,29,39,-0.33018137556442184
73,0.0001307940205919067,-0.4923635609262553,41,41,29,39,-0.33018137556442184
74,0.0,0.38547313414349027,42,42,28,38,-0.33018137556442184
75,0.03654739755181424,-0.38547313414349,41,41,29,39,-0.2936339780126076
76,0.0,0.38547313414349027,42,42,28,38,-0.2936339780126076
77,-0.021044888112925264,0.2779736753945676,43,43,27,37,-0.31467886612553286
78,-0.04024310687657362,0.16970309283474347,44,44,26,36,-0.3549219730021065
79,-0.008089093569864758,-0.16970309283474322,44,44,26,36,-0.3549219730021065
80,0.0,-0.16970309283474322,43,43,27,37,-0.3549219730021065
81,0.0,0.16970309283474347,44,44,26,36,-0.3549219730021065
82,-0.007820572764131839,-0.16970309283474322,43,43,27,37,-0.3627425457662383
83,0.0,-0.27797367539456724,42,42,28,38,-0.3627425457662383
84,0.007820572764131839,0.2779736753945676,43,43,27,37,-0.3549219730021065
85,0.008502933830413895,0.16970309283474347,44,44,26,36,-0.3464190391716926
86,0.0,0.06049242537232709,45,45,25,35,-0.3464190391716926
87,0.0,-0.04983586122174109,46,46,24,34,-0.3464190391716926
88,0.0,0.049835861221741454,45,45,25,35,-0.3464190391716926
89,0.0,-0.060492425372326665,44,44,26,36,-0.3464190391716926
90,0.0,-0.16970309283474322,43,43,27,37,-0.3464190391716926
91,0.0,0.16970309283474347,44,44,26,36,-0.3464190391716926
92,0.0,-0.16970309283474322,43,43,27,37,-0.3464190391716926
93,0.0006324219553448529,-0.27797367539456724,42,42,28,38,-0.34578661721634774
94,0.0,-0.38547313414349,41,41,29,39,-0.34578661721634774
95,0.015608111877781994,0.38547313414349027,42,42,28,38,-0.33017850533856574
96,-0.031234401918467825,-0.38547313414349,42,42,28,38,-0.33017850533856574
97,-0.8265859345336821,0.2779736753945676,43,43,27,37,-1.1567644398722479
98,0.0,-0.27797367539456724,42,42,28,38,-1.1567644398722479
99,0.021044888112925264,-0.38547313414349,42,42,28,38,-1.1567644398722479
100,0.0,-0.38547313414349,41,41,29,39,-1.1567644398722479
101,0.0,0.38547313414349027,42,42,28,38,-1.1567644398722479
102,-0.30705534575446336,0.2779736753945676,43,43,27,37,-1.4638197856267112
103,0.0,0.16970309283474347,44,44,26,36,-1.4638197856267112
104,-0.0010243334774742152,-0.16970309283474322,43,43,27,37,-1.4648441191041854
105,-0.04812098923756025,-0.27797367539456724,42,42,28,38,-1.5129651083417457
106,-0.2646172433698126,0.2779736753945676,43,43,27,37,-1.7775823517115583
107,0.0,0.16970309283474347,44,44,26,36,-1.7775823517115583
108,0.0,0.06049242537232709,45,45,25,35,-1.7775823517115583
109,0.0,-0.04983586122174109,46,46,24,34,-1.7775823517115583
110,0.27597133393349793,0.049835861221741454,45,45,25,35,-1.5016110177780604
111,-0.056271972714739604,-0.060492425372326665,44,44,26,36,-1.5578829904928
112,0.30705534575446336,-0.16970309283474322,43,43,27,37,-1.2508276447383366
113,0.0,-0.27797367539456724,42,42,28,38,-1.2508276447383366
114,0.0,-0.38547313414349,41,41,29,39,-1.2508276447383366
115,-0.02544564614089495,-0.4923635609262553,40,40,30,40,-1.2762732908792316
116,0.0,0.49236356092625555,41,41,29,39,-1.2762732908792316
117,-0.07884593514029348,0.38547313414349027,42,42,28,38,-1.355119226019525
118,0.02333727129008878,-0.38547313414349,41,41,29,39,-1.3317819547294363
119,0.0,-0.4923635609262553,41,41,29,39,-1.3317819547294363
120,-2.0315549065230698e-05,-0.4923635609262553,40,40,30,40,-1.3318022702785015
121,0.0,0.49236356092625555,41,41,29,39,-1.3318022702785015
122,0.0,0.38547313414349027,42,42,28,38,-1.3318022702785015
123,0.0,0.2779736753945676,43,43,27,37,-1.3318022702785015
124,0.0,0.16970309283474347,44,44,26,36,-1.3318022702785015
125,0.0,-0.16970309283474322,44,44,26,36,-1.3318022702785015
126,0.03523491563741743,0.06049242537232709,45,45,25,35,-1.296567354641084
127,0.0,-0.060492425372326665,44,44,26,36,-1.296567354641084
128,0.0,0.06049242537232709,45,45,25,35,-1.296567354641084
129,0.0,-0.04983586122174109,46,46,24,34,-1.296567354641084
130,0.00016415259059954224,0.049835861221741454,45,45,25,35,-1.2964032020504845
131,-0.014681719335570165,-0.04983586122174109,46,46,24,34,-1.3110849213860547
132,0.04024310687657362,0.049835861221741454,45,45,25,35,-1.270841814509481
133,0.0,-0.04983586122174109,46,46,24,34,-1.270841814509481
134,0.0,0.049835861221741454,45,45,25,35,-1.270841814509481
135,0.0,-0.060492425372326665,45,45,25,35,-1.270841814509481
136,0.0,-0.060492425372326665,44,44,26,36,-1.270841814509481
137,0.0,-0.16970309283474322,43,43,27,37,-1.270841814509481
138,-0.002383919642753085,-0.27797367539456724,42,42,28,38,-1.2732257341522342
139,0.0,0.2779736753945676,43,43,27,37,-1.2732257341522342
140,-0.007932327100476755,0.16970309283474347,44,44,26,36,-1.281158061252711
141,-0.42188539544288517,0.06049242537232709,45,45,25,35,-1.703043456695596
142,0.0,-0.04983586122174109,46,46,24,34,-1.703043456695596
143,-0.1660423609421855,0.049835861221741454,45,45,25,35,-1.8690858176377816
144,0.0,-0.060492425372326665,44,44,26,36,-1.8690858176377816
145,-0.014615763878865096,-0.16970309283474322,44,44,26,36,-1.8690858176377816
146,0.0,0.06049242537232709,45,45,25,35,-1.8690858176377816
147,-0.006455041695645036,-0.060492425372326665,44,44,26,36,-1.8755408593334266
148,-0.002882911172505942,0.06049242537232709,45,45,25,35,-1.8784237705059326
149,0.0,-0.060492425372326665,44,44,26,36,-1.8784237705059326
150,0.012824066637577403,0.06049242537232709,45,45,25,35,-1.8655997038683552
151,-0.3569151593290911,-0.04983586122174109,46,46,24,34,-2.2225148631974463
152,0.0,-0.16146978082596117,47,47,23,33,-2.2225148631974463
153,0.0,-0.2746099908844278,48,48,22,32,-2.2225148631974463
154,0.002383919642753085,-0.38947228084122926,48,48,22,32,-2.2225148631974463
155,-0.013690590488380394,0.27460999088442806,47,47,23,33,-2.2362054536858267
156,0.007932327100462544,0.16146978082596147,46,46,24,34,-2.228273126585364
157,0.4121044358213908,0.049835861221741454,46,46,24,34,-2.228273126585364
158,0.0,0.049835861221741454,45,45,25,35,-2.228273126585364
159,-0.2392368060431096,-0.060492425372326665,44,44,26,36,-2.4675099326284737
160,0.0,-0.16970309283474322,43,43,27,37,-2.4675099326284737
161,0.0,-0.27797367539456724,42,42,28,38,-2.4675099326284737
162,0.013690590488380394,0.2779736753945676,43,43,27,37,-2.4538193421400933
163,0.002383919642753085,0.16970309283474347,44,44,26,36,-2.4514354224973403
164,-0.00875779109357211,-0.16970309283474322,43,43,27,37,-2.4601932135909124
165,0.0,0.16970309283474347,44,44,26,36,-2.4601932135909124
166,0.0,-0.16970309283474322,43,43,27,37,-2.4601932135909124
167,0.0,-0.27797367539456724,42,42,28,38,-2.4601932135909124
168,0.0,-0.38547313414349,41,41,29,39,-2.4601932135909124
169,-0.004521524804971477,0.38547313414349027,42,42,28,38,-2.464714738395884
170,0.0,-0.38547313414349,42,42,28,38,-2.464714738395884
171,0.0,-0.38547313414349,41,41,29,39,-2.464714738395884
172,0.0,-0.4923635609262553,40,40,30,40,-2.464714738395884
173,0.2392368060431096,0.49236356092625555,41,41,29,39,-2.2254779323527742
174,0.010657978386092282,0.38547313414349027,42,42,28,38,-2.214819953966682
175,0.04812098923756025,0.2779736753945676,43,43,27,37,-2.1666989647291217
176,0.002882911172505942,-0.27797367539456724,42,42,28,38,-2.1638160535566158
177,-0.13907655082066128,0.2779736753945676,43,43,27,37,-2.302892604377277
178,0.0,0.16970309283474347,44,44,26,36,-2.302892604377277
179,0.11443688766374294,-0.16970309283474322,43,43,27,37,-2.188455716713534
180,0.0,-0.27797367539456724,42,42,28,38,-2.188455716713534
181,0.4121044358213908,-0.38547313414349,42,42,28,38,-2.188455716713534
182,-0.5431832265733618,-0.38547313414349,41,41,29,39,-2.731638943286896
183,-0.009613285354063805,0.38547313414349027,42,42,28,38,-2.7412522286409597
184,0.02088073552231151,0.2779736753945676,43,43,27,37,-2.7203714931186482
185,0.0,0.16970309283474347,44,44,26,36,-2.7203714931186482
186,0.0,-0.16970309283474322,43,43,27,37,-2.7203714931186482
187,2.0315549051019843e-05,0.16970309283474347,44,44,26,36,-2.720351177569597
188,0.07884593514029348,-0.16970309283474322,43,43,27,37,-2.6415052424293037
189,0.008888585114164016,0.16970309283474347,44,44,26,36,-2.6326166573151397
190,0.0,0.06049242537232709,45,45,25,35,-2.6326166573151397
191,0.0,-0.04983586122174109,46,46,24,34,-2.6326166573151397
192,0.1660423609421997,-0.16146978082596117,47,47,23,33,-2.46657429637294
193,0.0,-0.2746099908844278,48,48,22,32,-2.46657429637294
194,0.0,-0.38947228084122926,48,48,22,32,-2.46657429637294
195,0.5048440604837623,-0.38947228084122926,49,49,21,31,-1.9617302358891777
196,0.1390765508206755,0.3894722808412297,48,48,22,32,-1.8226536850685022
197,0.2968771496836524,0.27460999088442806,47,47,23,33,-1.5257765353848498
198,0.4121044358213908,0.16146978082596147,46,46,24,34,-1.113672099563459
199,6.364600666967064,-0.16146978082596117,46,46,24,34,-1.113672099563459
200,-0.02771570572605242,-0.16146978082596117,46,46,24,34,-1.113672099563459
201,0.0,0.049835861221741454,45,45,25,35,-1.113672099563459
202,0.004521524804971477,-0.060492425372326665,44,44,26,36,-1.1091505747584876
203,-0.0007483931831160362,0.06049242537232709,45,45,25,35,-1.1098989679416036
204,-0.024735201213076152,-0.04983586122174109,46,46,24,34,-1.1346341691546797
205,-0.7227143368288722,0.049835861221741454,45,45,25,35,-1.857348505983552
206,-0.04703393475631401,-0.04983586122174109,46,46,24,34,-1.904382440739866
207,-0.006115965389611233,-0.16146978082596117,47,47,23,33,-1.9104984061294772
208,0.8265859345336821,0.16146978082596147,47,47,23,33,-1.9104984061294772
209,0.0,-0.2746099908844278,48,48,22,32,-1.9104984061294772
210,0.0,0.27460999088442806,47,47,23,33,-1.9104984061294772
211,0.006455041695645036,-0.2746099908844278,48,48,22,32,-1.9040433644338322
212,0.0,-0.38947228084122926,49,49,21,31,-1.9040433644338322
213,0.0,-0.5062904686005989,50,50,20,30,-1.9040433644338322
214,0.009613285354063805,0.5062904686005995,49,49,21,31,-1.8944300790797683
215,0.0,0.3894722808412297,48,48,22,32,-1.8944300790797683
216,0.0,-0.38947228084122926,48,48,22,32,-1.8944300790797683
217,-0.12647526587684865,-0.38947228084122926,49,49,21,31,-2.020905344956617
218,0.04703393475631401,0.3894722808412297,48,48,22,32,-1.973871410200303
219,0.0,-0.38947228084122926,48,48,22,32,-1.973871410200303
220,0.0,0.27460999088442806,47,47,23,33,-1.973871410200303
221,0.0,0.16146978082596147,46,46,24,34,-1.973871410200303
222,0.0,0.049835861221741454,45,45,25,35,-1.973871410200303
223,0.7227143368288722,-0.04983586122174109,45,45,25,35,-1.973871410200303
224,-0.021443330732282107,-0.04983586122174109,46,46,24,34,-1.995314740932585
225,0.0,-0.16146978082596117,47,47,23,33,-1.995314740932585
226,0.00978095962149439,0.16146978082596147,46,46,24,34,-1.9855337813110907
227,0.0,-0.16146978082596117,47,47,23,33,-1.9855337813110907
228,0.0,0.16146978082596147,46,46,24,34,-1.9855337813110907
229,0.0,0.049835861221741454,45,45,25,35,-1.9855337813110907
230,0.0,-0.060492425372326665,44,44,26,36,-1.9855337813110907
231,0.0,0.06049242537232709,45,45,25,35,-1.9855337813110907
232,0.0,-0.060492425372326665,44,44,26,36,-1.9855337813110907
233,0.0,0.06049242537232709,45,45,25,35,-1.9855337813110907
234,-0.007136290753877006,-0.04983586122174109,46,46,24,34,-1.9926700720649677
235,0.0,-0.16146978082596117,47,47,23,33,-1.9926700720649677
236,-0.049688718507951535,-0.2746099908844278,48,48,22,32,-2.0423587905729192
237,0.0,-0.38947228084122926,48,48,22,32,-2.0423587905729192
238,0.025759534690550367,0.27460999088442806,47,47,23,33,-2.016599255882369
239,0.0,-0.2746099908844278,47,47,23,33,-2.016599255882369
240,0.0,-0.2746099908844278,48,48,22,32,-2.016599255882369
241,0.0,-0.38947228084122926,48,48,22,32,-2.016599255882369
242,0.7227143368288722,-0.38947228084122926,49,49,21,31,-1.2938849190534967
243,0.0,0.3894722808412297,48,48,22,32,-1.2938849190534967
244,0.0,-0.38947228084122926,49,49,21,31,-1.2938849190534967
245,0.013252256143474028,0.3894722808412297,48,48,22,32,-1.2806326629100226
246,-0.000716788995191564,0.27460999088442806,47,47,23,33,-1.2813494519052142
247,0.0,-0.2746099908844278,48,48,22,32,-1.2813494519052142
248,0.0,-0.38947228084122926,49,49,21,31,-1.2813494519052142
249,0.060038009645438706,-0.5062904686005989,50,50,20,30,-1.2213114422597755
250,0.8265859345336963,0.5062904686005995,49,49,21,31,-0.39472550772607917
251,-0.007521681621597054,-0.5062904686005989,50,50,20,30,-0.4022471893476762
252,-0.012782686541001453,0.5062904686005995,49,49,21,31,-0.4150298758886777
253,0.0,-0.5062904686005989,50,50,20,30,-0.4150298758886777
254,1.4210854715202004e-14,-0.6253198103704287,51,51,19,29,-0.41502987588866347
255,-0.07792648455551898,-0.7468410585367298,52,52,18,28,-0.49295636044418245
256,-0.02058559971689533,0.74684105853673,51,51,19,29,-0.5135419601610778
257,0.0,-0.7468410585367298,51,51,19,29,-0.5135419601610778
258,1.4210854715202004e-14,-0.7468410585367298,51,51,19,29,-0.5135419601610778
259,0.0,0.6253198103704289,50,50,20,30,-0.5135419601610778
260,0.0,-0.6253198103704287,50,50,20,30,-0.5135419601610778
261,0.05698876170995959,-0.6253198103704287,50,50,20,30,-0.5135419601610778
262,0.0,-0.6253198103704287,51,51,19,29,-0.5135419601610778
263,0.0,0.6253198103704289,50,50,20,30,-0.5135419601610778
264,-0.07754715677029367,0.5062904686005995,49,49,21,31,-0.5910891169313714
265,0.0,-0.5062904686005989,50,50,20,30,-0.5910891169313714
266,1.4210854715202004e-14,-0.6253198103704287,50,50,20,30,-0.5910891169313714
267,1.4210854715202004e-14,-0.6253198103704287,50,50,20,30,-0.5910891169313714
268,1.4210854715202004e-14,-0.6253198103704287,50,50,20,30,-0.5910891169313714
269,0.0,0.5062904686005995,49,49,21,31,-0.5910891169313714
270,0.0,0.3894722808412297,48,48,22,32,-0.5910891169313714
271,0.056271972714739604,-0.38947228084122926,49,49,21,31,-0.5348171442166318
272,0.0,0.3894722808412297,48,48,22,32,-0.5348171442166318
273,0.0,-0.38947228084122926,49,49,21,31,-0.5348171442166318
274,0.0,0.3894722808412297,48,48,22,32,-0.5348171442166318
275,-0.00301282090079269,0.27460999088442806,47,47,23,33,-0.5378299651174245
276,0.0,0.16146978082596147,46,46,24,34,-0.5378299651174245
277,-0.019193488316730623,0.049835861221741454,45,45,25,35,-0.5570234534341552
278,0.0,-0.060492425372326665,44,44,26,36,-0.5570234534341552
279,0.018363486406187235,0.06049242537232709,45,45,25,35,-0.5386599670279679
280,-0.009552446134733827,-0.04983586122174109,46,46,24,34,-0.5482124131627018
281,0.748119571644267,0.049835861221741454,45,45,25,35,0.19990715848156526
282,0.0,-0.060492425372326665,44,44,26,36,0.19990715848156526
283,0.0,-0.16970309283474322,44,44,26,36,0.19990715848156526
284,-0.062477596426120385,-0.16970309283474322,43,43,27,37,0.13742956205544488
285,0.0,0.16970309283474347,44,44,26,36,0.13742956205544488
286,0.009552446134733827,-0.16970309283474322,43,43,27,37,0.1469820081901787
287,0.0,-0.27797367539456724,42,42,28,38,0.1469820081901787
288,0.0,-0.38547313414349,42,42,28,38,0.1469820081901787
289,0.021443330732296317,-0.38547313414349,42,42,28,38,0.1469820081901787
290,-0.7481195716442812,0.2779736753945676,43,43,27,37,-0.6011375634541025
291,0.07754715677029367,0.16970309283474347,44,44,26,36,-0.5235904066838089
292,0.0,-0.16970309283474322,44,44,26,36,-0.5235904066838089
293,0.036869030390477064,0.06049242537232709,45,45,25,35,-0.4867213762933318
294,0.012782686540987243,-0.04983586122174109,46,46,24,34,-0.47393868975234454
295,0.0,-0.16146978082596117,46,46,24,34,-0.47393868975234454
296,0.0,0.049835861221741454,45,45,25,35,-0.47393868975234454
297,-0.025626684061052174,-0.060492425372326665,44,44,26,36,-0.4995653738133967
298,0.08272530045292115,-0.16970309283474322,43,43,27,37,-0.41684007336047557
299,0.0,-0.27797367539456724,42,42,28,38,-0.41684007336047557
300,-0.0718868098703922,-0.38547313414349,41,41,29,39,-0.48872688323086777
301,0.07792648455551898,-0.4923635609262553,41,41,29,39,-0.48872688323086777
302,0.0,-0.4923635609262553,40,40,30,40,-0.48872688323086777
303,0.0,-0.5988017251327965,40,40,30,40,-0.48872688323086777
304,0.0008300019105433876,0.49236356092625555,41,41,29,39,-0.4878968813203244
305,0.0,-0.4923635609262553,41,41,29,39,-0.4878968813203244
306,0.0,0.38547313414349027,42,42,28,38,-0.4878968813203244
307,0.0,-0.38547313414349,41,41,29,39,-0.4878968813203244
308,0.0,0.38547313414349027,42,42,28,38,-0.4878968813203244
309,0.0,0.2779736753945676,43,43,27,37,-0.4878968813203244
310,-0.010940825515390884,-0.27797367539456724,42,42,28,38,-0.49883770683571527
311,0.0,-0.38547313414349,41,41,29,39,-0.49883770683571527
312,0.0,0.38547313414349027,42,42,28,38,-0.49883770683571527
313,0.007521681621597054,-0.38547313414349,42,42,28,38,-0.49883770683571527
314,0.029059489535072203,0.2779736753945676,43,43,27,37,-0.46977821730064306
315,0.0,-0.27797367539456724,42,42,28,38,-0.46977821730064306
316,0.0,-0.38547313414349,41,41,29,39,-0.46977821730064306
317,0.0,0.38547313414349027,42,42,28,38,-0.46977821730064306
318,-0.01890789121897285,0.2779736753945676,43,43,27,37,-0.4886861085196159
319,-0.16418280376008454,-0.27797367539456724,42,42,28,38,-0.6528689122797005
320,0.07792648455550477,-0.38547313414349,41,41,29,39,-0.5749424277241957
321,-0.00793744307587474,0.38547313414349027,42,42,28,38,-0.5828798708000704
322,-0.0110352041781141,0.2779736753945676,43,43,27,37,-0.5939150749781845
323,0.0,0.16970309283474347,44,44,26,36,-0.5939150749781845
324,0.0,-0.16970309283474322,43,43,27,37,-0.5939150749781845
325,-0.0489482869704716,-0.27797367539456724,42,42,28,38,-0.6428633619486561
326,0.049688718507951535,-0.38547313414349,41,41,29,39,-0.5931746434407046
327,0.0489482869704716,0.38547313414349027,42,42,28,38,-0.544226356470233
328,0.00793744307587474,-0.38547313414349,41,41,29,39,-0.5362889133943582
329,0.04449835860704354,-0.4923635609262553,41,41,29,39,-0.5362889133943582
330,0.0718868098703922,0.38547313414349027,42,42,28,38,-0.46440210352396605
331,0.0,-0.38547313414349,42,42,28,38,-0.46440210352396605
332,0.0,-0.38547313414349,41,41,29,39,-0.46440210352396605
333,0.0,0.38547313414349027,42,42,28,38,-0.46440210352396605
334,-0.05384139047257008,-0.38547313414349,42,42,28,38,-0.46440210352396605
335,0.0,-0.38547313414349,41,41,29,39,-0.46440210352396605
336,-0.012580820237374724,-0.4923635609262553,41,41,29,39,-0.46440210352396605
337,-0.10346988217079911,-0.4923635609262553,40,40,30,40,-0.5678719856947652
338,-0.09333517969093919,-0.5988017251327965,40,40,30,40,-0.5678719856947652
339,-0.015095020770360179,-0.5988017251327965,39,39,31,41,-0.5829670064651253
340,-0.02885549993369807,-0.7049405020256142,38,38,32,42,-0.6118225063988234
341,0.0,-0.810930216216329,38,38,32,42,-0.6118225063988234
342,0.005074566805063796,-0.810930216216329,38,38,32,42,-0.6118225063988234
343,-0.24396336380158345,-0.810930216216329,37,37,33,43,-0.8557858702004069
344,0.0,-0.9169199304070436,36,36,34,44,-0.8557858702004069
345,0.0110352041781141,-1.0230587072998611,36,36,34,44,-0.8557858702004069
346,0.24396336380158345,0.9169199304070439,37,37,33,43,-0.6118225063988234
347,0.0,-0.9169199304070436,37,37,33,43,-0.6118225063988234
348,0.0,0.8109302162163292,38,38,32,42,-0.6118225063988234
349,0.0,-0.810930216216329,37,37,33,43,-0.6118225063988234
350,0.0,0.8109302162163292,38,38,32,42,-0.6118225063988234
351,0.03833916608959953,-0.810930216216329,38,38,32,42,-0.6118225063988234
352,0.0,-0.810930216216329,38,38,32,42,-0.6118225063988234
353,0.0,0.7049405020256144,39,39,31,41,-0.6118225063988234
354,0.0,0.5988017251327967,40,40,30,40,-0.6118225063988234
355,-0.004066287360274146,-0.5988017251327965,39,39,31,41,-0.6158887937590976
356,0.0,-0.7049405020256142,38,38,32,42,-0.6158887937590976
357,0.0110352041781141,-0.810930216216329,37,37,33,43,-0.6048535895809835
358,0.0,0.8109302162163292,38,38,32,42,-0.6048535895809835
359,-0.994135332146115,-0.810930216216329,37,37,33,43,-1.5989889217270985
360,0.0,-0.9169199304070436,37,37,33,43,-1.5989889217270985
361,0.0,-0.9169199304070436,37,37,33,43,-1.5989889217270985
362,0.0,-0.9169199304070436,37,37,33,43,-1.5989889217270985
363,0.0,0.8109302162163292,38,38,32,42,-1.5989889217270985
364,-0.8401192416120864,-0.810930216216329,37,37,33,43,-2.439108163339185
365,0.0,-0.9169199304070436,36,36,34,44,-2.439108163339185
366,0.0,-1.0230587072998611,35,35,35,45,-2.439108163339185
367,0.0,-1.1294968715064024,35,35,35,45,-2.439108163339185
368,0.0,-1.1294968715064024,34,34,36,46,-2.439108163339185
369,0.052020040228640596,-1.2363872982891675,34,34,36,46,-2.439108163339185
370,0.10346988217079911,1.1294968715064027,35,35,35,45,-2.335638281168386
371,0.0,-1.1294968715064024,35,35,35,45,-2.335638281168386
372,0.0,1.0230587072998616,36,36,34,44,-2.335638281168386
373,0.0,-1.0230587072998611,36,36,34,44,-2.335638281168386
374,0.0,0.9169199304070439,37,37,33,43,-2.335638281168386
375,0.0,0.8109302162163292,38,38,32,42,-2.335638281168386
376,0.0,-0.810930216216329,37,37,33,43,-2.335638281168386
377,0.02058559971688112,0.8109302162163292,38,38,32,42,-2.3150526814515047
378,0.20525081470655948,0.7049405020256144,39,39,31,41,-2.109801866744945
379,0.0,0.5988017251327967,40,40,30,40,-2.109801866744945
380,0.0,-0.5988017251327965,39,39,31,41,-2.109801866744945
381,-0.008337114767144271,0.5988017251327967,40,40,30,40,-2.1181389815120895
382,0.02885549993369807,0.49236356092625555,41,41,29,39,-2.0892834815783914
383,-0.614021308407473,-0.4923635609262553,40,40,30,40,-2.7033047899858644
384,0.0,0.49236356092625555,41,41,29,39,-2.7033047899858644
385,0.0,0.38547313414349027,42,42,28,38,-2.7033047899858644
386,0.9734564866311928,0.2779736753945676,43,43,27,37,-1.7298483033546717
387,0.0,0.16970309283474347,44,44,26,36,-1.7298483033546717
388,0.015095020770360179,0.06049242537232709,45,45,25,35,-1.7147532825843115
389,0.0,-0.04983586122174109,46,46,24,34,-1.7147532825843115
390,-0.0043793457556802196,0.049835861221741454,45,45,25,35,-1.7191326283399917
391,0.0,-0.04983586122174109,46,46,24,34,-1.7191326283399917
392,0.0,0.049835861221741454,45,45,25,35,-1.7191326283399917
393,0.0,-0.04983586122174109,46,46,24,34,-1.7191326283399917
394,0.8401192416120864,-0.16146978082596117,47,47,23,33,-0.8790133867279053
395,0.0,-0.2746099908844278,47,47,23,33,-0.8790133867279053
396,0.0,0.16146978082596147,46,46,24,34,-0.8790133867279053
397,-0.01136477403166225,-0.16146978082596117,47,47,23,33,-0.8903781607595675
398,-0.006679402982840088,-0.2746099908844278,48,48,22,32,-0.8970575637424076
399,-0.6137576327201799,0.27460999088442806,47,47,23,33,-1.5108151964625876
400,0.0,0.16146978082596147,46,46,24,34,-1.5108151964625876
401,-0.01755025975829483,0.049835861221741454,45,45,25,35,-1.5283654562208824
402,0.0,-0.060492425372326665,44,44,26,36,-1.5283654562208824
403,0.6178239200804683,0.06049242537232709,45,45,25,35,-0.9105415361404141
404,0.0,-0.04983586122174109,46,46,24,34,-0.9105415361404141
405,-0.08293948691157027,-0.16146978082596117,47,47,23,33,-0.9934810230519844
406,0.0,-0.2746099908844278,48,48,22,32,-0.9934810230519844
407,-0.0035302163813781817,0.27460999088442806,47,47,23,33,-0.9970112394333626
408,0.0020607443421027938,0.16146978082596147,46,46,24,34,-0.9949504950912598
409,0.0,0.049835861221741454,45,45,25,35,-0.9949504950912598
410,0.0,-0.060492425372326665,44,44,26,36,-0.9949504950912598
411,0.0,-0.16970309283474322,44,44,26,36,-0.9949504950912598
412,-0.020498126319324683,-0.16970309283474322,44,44,26,36,-0.9949504950912598
413,0.0,0.06049242537232709,45,45,25,35,-0.9949504950912598
414,0.0,-0.060492425372326665,44,44,26,36,-0.9949504950912598
415,0.0,0.06049242537232709,45,45,25,35,-0.9949504950912598
416,0.08961888989441036,-0.060492425372326665,45,45,25,35,-0.9949504950912598
417,-0.05276283022395489,-0.04983586122174109,46,46,24,34,-1.0477133253152147
418,0.0,-0.16146978082596117,47,47,23,33,-1.0477133253152147
419,0.0,0.16146978082596147,46,46,24,34,-1.0477133253152147
420,0.017550259758280617,-0.16146978082596117,47,47,23,33,-1.030163065556934
421,0.0,-0.2746099908844278,48,48,22,32,-1.030163065556934
422,0.006679402982840088,0.27460999088442806,47,47,23,33,-1.023483662574094
423,0.0,0.16146978082596147,46,46,24,34,-1.023483662574094
424,0.0,0.049835861221741454,45,45,25,35,-1.023483662574094
425,0.08293948691157027,-0.060492425372326665,44,44,26,36,-0.9405441756625237
426,0.0,-0.16970309283474322,43,43,27,37,-0.9405441756625237
427,0.025626684061066385,0.16970309283474347,44,44,26,36,-0.9149174916014573
428,0.0,-0.16970309283474322,43,43,27,37,-0.9149174916014573
429,0.0,0.16970309283474347,44,44,26,36,-0.9149174916014573
430,0.0012103586486205131,-0.16970309283474322,43,43,27,37,-0.9137071329528368
431,0.0,-0.27797367539456724,42,42,28,38,-0.9137071329528368
432,0.0,0.2779736753945676,43,43,27,37,-0.9137071329528368
433,-0.9334411416731427,0.16970309283474347,44,44,26,36,-1.8471482746259795
434,0.01437759493245494,-0.16970309283474322,43,43,27,37,-1.8327706796935246
435,0.0798745229267297,0.16970309283474347,44,44,26,36,-1.7528961567667949
436,0.0,-0.16970309283474322,43,43,27,37,-1.7528961567667949
437,0.0,-0.27797367539456724,42,42,28,38,-1.7528961567667949
438,0.0,0.2779736753945676,43,43,27,37,-1.7528961567667949
439,0.6523604744970726,0.16970309283474347,44,44,26,36,-1.1005356822697223
440,-0.0015705935910546032,-0.16970309283474322,43,43,27,37,-1.102106275860777
441,0.0,0.16970309283474347,44,44,26,36,-1.102106275860777
442,0.0015705935910546032,0.06049242537232709,45,45,25,35,-1.1005356822697223
443,-0.009270849572374118,-0.060492425372326665,44,44,26,36,-1.1098065318420964
444,-0.00015714549353162965,0.06049242537232709,45,45,25,35,-1.109963677335628
445,0.0,-0.04983586122174109,46,46,24,34,-1.109963677335628
446,-0.05888649463399531,0.049835861221741454,45,45,25,35,-1.1688501719696234
447,-0.008232508678943873,-0.060492425372326665,44,44,26,36,-1.1770826806485672
448,0.0,0.06049242537232709,45,45,25,35,-1.1770826806485672
449,0.0,-0.04983586122174109,46,46,24,34,-1.1770826806485672
450,0.0,0.049835861221741454,45,45,25,35,-1.1770826806485672
451,0.04243761426494075,-0.04983586122174109,46,46,24,34,-1.1346450663836265
452,0.0,0.049835861221741454,45,45,25,35,-1.1346450663836265
453,0.0,-0.04983586122174109,46,46,24,34,-1.1346450663836265
454,-0.04162788333134415,0.049835861221741454,45,45,25,35,-1.1762729497149707
455,0.0,-0.04983586122174109,46,46,24,34,-1.1762729497149707
456,-0.0019782895084006213,-0.16146978082596117,47,47,23,33,-1.1782512392233713
457,0.0,-0.2746099908844278,48,48,22,32,-1.1782512392233713
458,-0.009193657235130104,0.27460999088442806,47,47,23,33,-1.1874448964585014
459,0.04162788333134415,-0.2746099908844278,47,47,23,33,-1.1874448964585014
460,0.0,0.16146978082596147,46,46,24,34,-1.1874448964585014
461,-0.002578855517342049,0.049835861221741454,45,45,25,35,-1.1900237519758434
462,0.0,-0.04983586122174109,46,46,24,34,-1.1900237519758434
463,0.0,0.049835861221741454,45,45,25,35,-1.1900237519758434
464,0.0,-0.060492425372326665,44,44,26,36,-1.1900237519758434
465,0.0,0.06049242537232709,45,45,25,35,-1.1900237519758434
466,0.0,-0.060492425372326665,44,44,26,36,-1.1900237519758434
467,0.0,-0.16970309283474322,44,44,26,36,-1.1900237519758434
468,0.0076788271151286835,-0.16970309283474322,44,44,26,36,-1.1900237519758434
469,0.0,-0.16970309283474322,43,43,27,37,-1.1900237519758434
470,0.010210798187344494,-0.27797367539456724,42,42,28,38,-1.179812953788499
471,0.0,-0.38547313414349,42,42,28,38,-1.179812953788499
472,0.0004923123823346032,-0.38547313414349,41,41,29,39,-1.1793206414061643
473,-0.005152692271096271,0.38547313414349027,42,42,28,38,-1.1844733336772606
474,0.0,0.2779736753945676,43,43,27,37,-1.1844733336772606
475,0.0,0.16970309283474347,44,44,26,36,-1.1844733336772606
476,0.00015714549353162965,-0.16970309283474322,43,43,27,37,-1.184316188183729
477,0.0,-0.27797367539456724,42,42,28,38,-1.184316188183729
478,0.005469451421163285,-0.38547313414349,42,42,28,38,-1.184316188183729
479,-0.10236541294807466,-0.38547313414349,41,41,29,39,-1.2866816011318036
480,0.009193657235130104,0.38547313414349027,42,42,28,38,-1.2774879438966735
481,0.0,0.2779736753945676,43,43,27,37,-1.2774879438966735
482,0.04162788333134415,0.16970309283474347,44,44,26,36,-1.2358600605653294
483,115025.85266225983,-0.16970309283474322,44,44,26,36,-1.2358600605653294
484,0.0,0.06049242537232709,45,45,25,35,-1.2358600605653294
485,-0.022852459539166148,-0.060492425372326665,44,44,26,36,-1.2587125201044955
486,0.0,0.06049242537232709,45,45,25,35,-1.2587125201044955
487,0.0,-0.04983586122174109,46,46,24,34,-1.2587125201044955
488,-0.0045611615301339725,-0.16146978082596117,47,47,23,33,-1.2632736816346295
489,0.10236541294807466,-0.2746099908844278,47,47,23,33,-1.2632736816346295
490,0.0,-0.2746099908844278,47,47,23,33,-1.2632736816346295
491,0.0,-0.2746099908844278,48,48,22,32,-1.2632736816346295
492,0.12521787248725502,-0.38947228084122926,49,49,21,31,-1.1380558091473745
493,0.0,0.3894722808412297,48,48,22,32,-1.1380558091473745
494,0.0,0.27460999088442806,47,47,23,33,-1.1380558091473745
495,0.0,0.16146978082596147,46,46,24,34,-1.1380558091473745
496,0.0,0.049835861221741454,45,45,25,35,-1.1380558091473745
497,0.0,-0.060492425372326665,44,44,26,36,-1.1380558091473745
498,0.0,0.06049242537232709,45,45,25,35,-1.1380558091473745
499,-0.919830901024028,-0.04983586122174109,46,46,24,34,-2.0578867101714025
0,0.26523259834972635,-0.16146978082596117,47,47,23,33,-1.792654111821676
1,0.0,0.16146978082596147,46,46,24,34,-1.792654111821676
2,-0.0652814277824234,-0.16146978082596117,47,47,23,33,-1.8579355396040995
3,0.0,-0.2746099908844278,48,48,22,32,-1.8579355396040995
4,0.0,0.27460999088442806,47,47,23,33,-1.8579355396040995
5,0.3369568788613293,-0.2746099908844278,48,48,22,32,-1.5209786607427702
6,0.0,0.27460999088442806,47,47,23,33,-1.5209786607427702
7,0.0,0.16146978082596147,46,46,24,34,-1.5209786607427702
8,-0.006688630517430738,0.049835861221741454,45,45,25,35,-1.527667291260201
9,0.0,-0.060492425372326665,44,44,26,36,-1.527667291260201
10,0.0,-0.16970309283474322,44,44,26,36,-1.527667291260201
11,0.0,0.06049242537232709,45,45,25,35,-1.527667291260201
12,0.0,-0.04983586122174109,46,46,24,34,-1.527667291260201
13,0.0012785838721782739,-0.16146978082596117,47,47,23,33,-1.5263887073880227
14,0.02167706875260933,0.16146978082596147,46,46,24,34,-1.5047116386354134
15,2.842170943040401e-14,0.049835861221741454,45,45,25,35,-1.504711638635385
16,0.0029838149087311194,-0.04983586122174109,46,46,24,34,-1.5017278237266538
17,0.0651580010666919,0.049835861221741454,45,45,25,35,-1.436569822659962
18,-0.15130666476167676,-0.04983586122174109,46,46,24,34,-1.5878764874216387
19,0.0,-0.16146978082596117,47,47,23,33,-1.5878764874216387
20,0.0,0.16146978082596147,46,46,24,34,-1.5878764874216387
21,0.0,0.049835861221741454,45,45,25,35,-1.5878764874216387
22,-0.7363549400082263,-0.04983586122174109,46,46,24,34,-2.324231427429865
23,0.00851768517354401,-0.16146978082596117,47,47,23,33,-2.315713742256321
24,0.0,-0.2746099908844278,48,48,22,32,-2.315713742256321
25,-0.0016784263376337094,0.27460999088442806,47,47,23,33,-2.3173921685939547
26,0.0,0.16146978082596147,46,46,24,34,-2.3173921685939547
27,0.001275370864505021,0.049835861221741454,45,45,25,35,-2.3161167977294497
28,-1.1642007215140353,-0.060492425372326665,44,44,26,36,-3.480317519243485
29,0.0,-0.16970309283474322,43,43,27,37,-3.480317519243485
30,0.07502155806304245,0.16970309283474347,44,44,26,36,-3.4052959611804425
31,1.4210854715202004e-14,-0.16970309283474322,44,44,26,36,-3.4052959611804425
32,0.0,0.06049242537232709,45,45,25,35,-3.4052959611804425
33,0.0,-0.060492425372326665,44,44,26,36,-3.4052959611804425
34,0.0,-0.16970309283474322,43,43,27,37,-3.4052959611804425
35,0.7347683362587389,-0.27797367539456724,43,43,27,37,-3.4052959611804425
36,0.006688630517430738,0.16970309283474347,44,44,26,36,-3.398607330663012
37,-0.009238482407425863,0.06049242537232709,45,45,25,35,-3.4078458130704377
38,0.0,-0.060492425372326665,44,44,26,36,-3.4078458130704377
39,0.0,-0.16970309283474322,43,43,27,37,-3.4078458130704377
40,0.9936858992066533,0.16970309283474347,44,44,26,36,-2.4141599138637844
41,0.15130666476167676,-0.16970309283474322,44,44,26,36,-2.4141599138637844
42,0.0,-0.16970309283474322,43,43,27,37,-2.4141599138637844
43,0.0,0.16970309283474347,44,44,26,36,-2.4141599138637844
44,0.0,0.06049242537232709,45,45,25,35,-2.4141599138637844
45,-0.000457704672953696,-0.04983586122174109,46,46,24,34,-2.414617618536738
46,0.0,-0.16146978082596117,46,46,24,34,-2.414617618536738
47,0.13868719629302007,0.049835861221741454,45,45,25,35,-2.275930422243718
48,0.0,-0.060492425372326665,45,45,25,35,-2.275930422243718
49,-0.024737222364890954,-0.060492425372326665,44,44,26,36,-2.300667644608609
50,0.0,-0.16970309283474322,43,43,27,37,-2.300667644608609
51,0.0,-0.27797367539456724,42,42,28,38,-2.300667644608609
52,0.0,-0.38547313414349,41,41,29,39,-2.300667644608609
53,0.0,0.38547313414349027,42,42,28,38,-2.300667644608609
54,0.0,-0.38547313414349,41,41,29,39,-2.300667644608609
55,-0.007213180750085257,-0.4923635609262553,40,40,30,40,-2.307880825358694
56,0.0,-0.5988017251327965,40,40,30,40,-2.307880825358694
57,0.0,0.49236356092625555,41,41,29,39,-2.307880825358694
58,0.0,-0.4923635609262553,40,40,30,40,-2.307880825358694
59,0.9310684226659873,0.49236356092625555,41,41,29,39,-1.3768124026927069
60,0.0,0.38547313414349027,42,42,28,38,-1.3768124026927069
61,0.000457704672953696,-0.38547313414349,41,41,29,39,-1.3763546980197532
62,0.30598829724846155,-0.4923635609262553,40,40,30,40,-1.0703664007712916
63,0.0,0.49236356092625555,41,41,29,39,-1.0703664007712916
64,0.7363549400081979,-0.4923635609262553,41,41,29,39,-1.0703664007712916
65,-0.007883264479914942,-0.4923635609262553,41,41,29,39,-1.0703664007712916
66,0.0,0.38547313414349027,42,42,28,38,-1.0703664007712916
67,0.0,-0.38547313414349,41,41,29,39,-1.0703664007712916
68,-1.4210854715202004e-14,-0.4923635609262553,40,40,30,40,-1.0703664007713058
69,1.4210854715202004e-14,0.49236356092625555,41,41,29,39,-1.0703664007712916
70,-0.034477432999338475,-0.4923635609262553,40,40,30,40,-1.1048438337706301
71,0.012066290567773308,-0.5988017251327965,39,39,31,41,-1.0927775432028568
72,0.013753785649271322,0.5988017251327967,40,40,30,40,-1.0790237575535855
73,0.0,0.49236356092625555,41,41,29,39,-1.0790237575535855
74,0.0357108036912166,0.38547313414349027,42,42,28,38,-1.0433129538623689
75,0.0,0.2779736753945676,43,43,27,37,-1.0433129538623689
76,0.0,0.16970309283474347,44,44,26,36,-1.0433129538623689
77,-8.531048675308739e-05,0.06049242537232709,45,45,25,35,-1.043398264349122
78,-2.842170943040401e-14,-0.04983586122174109,46,46,24,34,-1.0433982643491504
79,0.0,0.049835861221741454,45,45,25,35,-1.0433982643491504
80,0.0,-0.060492425372326665,44,44,26,36,-1.0433982643491504
81,-0.13735080609069428,-0.16970309283474322,43,43,27,37,-1.1807490704398447
82,0.0,-0.27797367539456724,42,42,28,38,-1.1807490704398447
83,-0.018641211619012665,0.2779736753945676,43,43,27,37,-1.1993902820588573
84,0.0,-0.27797367539456724,42,42,28,38,-1.1993902820588573
85,-0.045489245330117,0.2779736753945676,43,43,27,37,-1.2448795273889743
86,0.6897701877553288,-0.27797367539456724,42,42,28,38,-0.5551093396336455
87,0.0,-0.38547313414349,41,41,29,39,-0.5551093396336455
88,0.0,-0.4923635609262553,40,40,30,40,-0.5551093396336455
89,0.0,-0.5988017251327965,40,40,30,40,-0.5551093396336455
90,0.0,-0.5988017251327965,40,40,30,40,-0.5551093396336455
91,0.0,-0.5988017251327965,40,40,30,40,-0.5551093396336455
92,0.0,0.49236356092625555,41,41,29,39,-0.5551093396336455
93,0.0,0.38547313414349027,42,42,28,38,-0.5551093396336455
94,0.0,-0.38547313414349,41,41,29,39,-0.5551093396336455
95,0.0,0.38547313414349027,42,42,28,38,-0.5551093396336455
96,0.0,0.2779736753945676,43,43,27,37,-0.5551093396336455
97,-1.4210854715202004e-14,0.16970309283474347,44,44,26,36,-0.5551093396336597
98,0.0,0.06049242537232709,45,45,25,35,-0.5551093396336597
99,0.04443004105043258,-0.060492425372326665,45,45,25,35,-0.5551093396336597
100,0.0,-0.060492425372326665,44,44,26,36,-0.5551093396336597
101,1.4210854715202004e-14,-0.16970309283474322,43,43,27,37,-0.5551093396336455
102,0.006013061387420748,0.16970309283474347,44,44,26,36,-0.5490962782462248
103,0.0,0.06049242537232709,45,45,25,35,-0.5490962782462248
104,0.23313229884804798,-0.04983586122174109,46,46,24,34,-0.3159639793981768
105,-1.4210854715202004e-14,0.049835861221741454,45,45,25,35,-0.315963979398191
106,0.0,-0.04983586122174109,46,46,24,34,-0.315963979398191
107,0.0,0.049835861221741454,45,45,25,35,-0.315963979398191
108,0.040052383598833785,-0.060492425372326665,44,44,26,36,-0.2759115957993572
109,0.046584752252840644,0.06049242537232709,45,45,25,35,-0.22932684354651656
110,-0.0021211698565934967,-0.060492425372326665,44,44,26,36,-0.23144801340311005
111,0.0,-0.16970309283474322,43,43,27,37,-0.23144801340311005
112,0.007213180750113679,0.16970309283474347,44,44,26,36,-0.22423483265299637
113,0.0,-0.16970309283474322,43,43,27,37,-0.22423483265299637
114,0.0,-0.27797367539456724,42,42,28,38,-0.22423483265299637
115,0.0,0.2779736753945676,43,43,27,37,-0.22423483265299637
116,-0.27132466213475936,0.16970309283474347,44,44,26,36,-0.49555949478775574
117,-0.09168496290388362,-0.16970309283474322,43,43,27,37,-0.5872444576916394
118,0.018543893304581616,0.16970309283474347,44,44,26,36,-0.5687005643870577
119,0.0,-0.16970309283474322,43,43,27,37,-0.5687005643870577
